"timestamp","power","anomaly"
1404153000,1707.7,1
1404153600,1705.7,1
1404154200,1212.7,1
1404154800,255.2,0
1404155400,130.8,0
1404156000,108,0
1404156600,723.7,0
1404157200,1519.3,0
1404157800,1340.7,0
1404158400,231.9,0
1404159000,131.7,0
1404159600,144.8,0
1404160200,233.6,0
1404160800,1247.5,1
1404161400,1508,0
1404162000,327.6,0
1404162600,240.6,0
1404163200,238.9,0
1404163800,516,0
1404164400,1478.4,1
1404165000,726.6,0
1404165600,140.7,0
1404166200,140.3,0
1404166800,124.8,0
1404167400,85.2,0
1404168000,86,0
1404168600,355,0
1404169200,1166.9,0
1404169800,1413.9,1
1404170400,83,0
1404171000,104.3,0
1404171600,533.3,0
1404172200,1397.6,1
1404172800,548.5,0
1404173400,233.6,0
1404174000,196.1,0
1404174600,184.9,0
1404175200,183,0
1404175800,181.6,0
1404176400,702.7,1
1404177000,935.1,1
1404177600,76.1,0
1404178200,76.2,0
1404178800,76.5,0
1404179400,77,0
1404180000,76.2,0
1404180600,76.4,0
1404181200,76.6,0
1404181800,76.5,0
1404182400,77.1,0
1404183000,77.7,0
1404183600,77,0
1404184200,718.2,1
1404184800,775.8,1
1404185400,98.6,0
1404186000,116,0
1404186600,245.3,0
1404187200,220.9,0
1404187800,463.5,1
1404188400,1486.2,1
1404189000,705.5,1
1404189600,135.8,0
1404190200,114.4,0
1404190800,113.7,0
1404191400,113.6,0
1404192000,113.4,0
1404192600,113,0
1404193200,113.1,0
1404193800,114.2,0
1404194400,113.6,0
1404195000,113.9,0
1404195600,113.5,0
1404196200,113.7,0
1404196800,1418.7,1
1404197400,114.6,0
1404198000,113,0
1404198600,113,0
1404199200,205.6,0
1404199800,280.3,0
1404200400,222.6,0
1404201000,1395.3,1
1404201600,1278.8,1
1404202200,211.1,0
1404202800,113,0
1404203400,113,0
1404204000,113,0
1404204600,113.7,0
1404205200,112.5,0
1404205800,112.4,0
1404206400,282.4,0
1404207000,1478.7,0
1404207600,712.7,0
1404208200,114.2,0
1404208800,130.4,0
1404209400,372.5,0
1404210000,107.9,0
1404210600,142.6,0
1404211200,1137.7,0
1404211800,1788.2,0
1404212400,1718.2,1
1404213000,1091.1,1
1404213600,277.5,0
1404214200,533.1,0
1404214800,204,0
1404215400,199.1,0
1404216000,194.7,0
1404216600,388.3,0
1404217200,2265.5,1
1404217800,1597.3,1
1404218400,282.7,0
1404219000,199.7,0
1404219600,1153.3,0
1404220200,1680.2,0
1404220800,1685.9,0
1404221400,225.9,0
1404222000,286.8,0
1404222600,312.9,0
1404223200,2526.3,0
1404223800,1863.9,0
1404224400,1815.4,1
1404225000,1726.9,1
1404225600,330.8,0
1404226200,158.2,0
1404226800,148.5,0
1404227400,674.8,0
1404228000,1766,0
1404228600,1333.8,0
1404229200,255.9,0
1404229800,342.4,0
1404230400,1784.6,0
1404231000,1806.5,0
1404231600,1809.5,0
1404232200,1800.1,0
1404232800,794.1,0
1404233400,257,0
1404234000,306.2,0
1404234600,1601.2,0
1404235200,1767.4,0
1404235800,1764.2,0
1404236400,475.1,0
1404237000,246.7,0
1404237600,244.6,0
1404238200,1333.1,0
1404238800,1824.8,1
1404239400,1840.6,0
1404240000,402.7,0
1404240600,333.4,0
1404241200,1559.4,1
1404241800,1661.4,0
1404242400,1214.9,0
1404243000,165.4,0
1404243600,147.7,0
1404244200,148.8,0
1404244800,972.6,1
1404245400,1378.8,1
1404246000,1058.3,1
1404246600,575.1,0
1404247200,212.4,0
1404247800,490.3,0
1404248400,1547.4,1
1404249000,677.4,0
1404249600,210.3,0
1404250200,184.4,0
1404250800,184.6,0
1404251400,185.8,0
1404252000,1344.6,0
1404252600,1616.2,1
1404253200,1103.5,0
1404253800,271,0
1404254400,260.7,0
1404255000,258.8,0
1404255600,1169.1,0
1404256200,929.4,0
1404256800,176.3,0
1404257400,164.4,0
1404258000,178.2,0
1404258600,153.2,0
1404259200,153.1,0
1404259800,153.1,0
1404260400,152.8,0
1404261000,1306.6,1
1404261600,268.8,0
1404262200,150.6,0
1404262800,150.4,0
1404263400,150,0
1404264000,150,0
1404264600,150,0
1404265200,647.2,1
1404265800,1274.6,1
1404266400,392.9,0
1404267000,265.4,0
1404267600,261,1
1404268200,256.2,1
1404268800,1000.7,1
1404269400,591.2,1
1404270000,165.2,0
1404270600,150.2,0
1404271200,150.3,0
1404271800,150.2,0
1404272400,175.3,0
1404273000,174,0
1404273600,171.5,0
1404274200,170.1,0
1404274800,168.8,0
1404275400,177,0
1404276000,169.3,0
1404276600,1039.8,1
1404277200,646.5,1
1404277800,217.4,0
1404278400,263.9,0
1404279000,261.7,0
1404279600,259,0
1404280200,255.4,0
1404280800,1372.1,1
1404281400,797,1
1404282000,209.5,0
1404282600,154.3,0
1404283200,153.8,0
1404283800,152.9,0
1404284400,150.2,0
1404285000,149.3,0
1404285600,149.1,0
1404286200,149,0
1404286800,150,0
1404287400,150.3,0
1404288000,151.2,0
1404288600,260.6,0
1404289200,1351.9,1
1404289800,235,0
1404290400,173.6,0
1404291000,302.8,0
1404291600,1233.4,1
1404292200,2439.3,1
1404292800,715.4,1
1404293400,1603.6,0
1404294000,314.2,0
1404294600,334.8,0
1404295200,288.2,0
1404295800,269.3,0
1404296400,1334.1,0
1404297000,1593.6,1
1404297600,1602.6,0
1404298200,1435.3,0
1404298800,197.2,0
1404299400,184.9,0
1404300000,211,0
1404300600,220,0
1404301200,170.1,0
1404301800,166.2,0
1404302400,1304.2,1
1404303000,1660.5,1
1404303600,556,0
1404304200,255.2,0
1404304800,251.8,0
1404305400,1481,1
1404306000,1801.9,0
1404306600,1671.2,0
1404307200,269.6,0
1404307800,153.2,0
1404308400,144.9,0
1404309000,144.1,0
1404309600,1067.4,0
1404310200,1701.6,0
1404310800,1570.4,0
1404311400,205.8,0
1404312000,150.5,0
1404312600,143.6,0
1404313200,1583.9,0
1404313800,1708.3,0
1404314400,1711.3,0
1404315000,301.6,0
1404315600,208.8,0
1404316200,255,0
1404316800,1669.6,0
1404317400,1808.3,0
1404318000,2911.9,0
1404318600,312.2,0
1404319200,247.8,0
1404319800,1064.1,1
1404320400,1813.4,1
1404321000,1713.4,0
1404321600,1704.4,0
1404322200,938.8,0
1404322800,247.8,0
1404323400,226.8,0
1404324000,1347.1,1
1404324600,1686.6,0
1404325200,1672.2,0
1404325800,605.7,0
1404326400,253.5,0
1404327000,379.7,0
1404327600,1701.1,0
1404328200,1617.2,0
1404328800,1615.5,1
1404329400,1230.4,1
1404330000,152.3,0
1404330600,151.1,0
1404331200,150.9,0
1404331800,149,0
1404332400,484.4,0
1404333000,1605.6,1
1404333600,1600.7,1
1404334200,1480.4,0
1404334800,307.2,0
1404335400,193.5,0
1404336000,269.8,0
1404336600,356.3,0
1404337200,293.3,0
1404337800,293,0
1404338400,1505.6,0
1404339000,1647.3,0
1404339600,1469.8,0
1404340200,310.8,0
1404340800,146.7,0
1404341400,116.2,0
1404342000,115.7,0
1404342600,114.2,0
1404343200,1389.1,1
1404343800,116.9,0
1404344400,1055.7,0
1404345000,1316.4,0
1404345600,194.2,0
1404346200,229.8,0
1404346800,175.9,0
1404347400,173.8,0
1404348000,160.2,0
1404348600,150.7,0
1404349200,152.5,0
1404349800,153.6,0
1404350400,1308.1,1
1404351000,737.6,1
1404351600,281.3,0
1404352200,279.2,0
1404352800,718.6,0
1404353400,1565.1,1
1404354000,629.5,1
1404354600,172.1,0
1404355200,172,0
1404355800,176.4,0
1404356400,175.1,0
1404357000,204.1,0
1404357600,170.8,0
1404358200,153.7,0
1404358800,153.6,0
1404359400,152.5,0
1404360000,151.4,0
1404360600,150.5,0
1404361200,153.6,0
1404361800,150,0
1404362400,150,0
1404363000,154.4,0
1404363600,150.9,0
1404364200,230.6,0
1404364800,263.2,0
1404365400,468,0
1404366000,1502.9,1
1404366600,347.3,0
1404367200,236.2,0
1404367800,150.3,0
1404368400,153.7,0
1404369000,150.3,0
1404369600,1464.6,0
1404370200,152.9,0
1404370800,150.7,0
1404371400,150.3,0
1404372000,150.3,0
1404372600,149.7,0
1404373200,149.9,0
1404373800,151.7,0
1404374400,151.1,0
1404375000,150.7,0
1404375600,1002.9,0
1404376200,1179.6,1
1404376800,156,0
1404377400,248.9,0
1404378000,260.3,0
1404378600,256.8,0
1404379200,255.1,0
1404379800,890.4,0
1404380400,1446.6,1
1404381000,207.6,0
1404381600,313.3,0
1404382200,1567,1
1404382800,1704.5,0
1404383400,586.8,0
1404384000,259,0
1404384600,251.9,0
1404385200,246.8,0
1404385800,184.8,0
1404386400,1381.3,1
1404387000,1658.8,1
1404387600,701.2,1
1404388200,159.1,0
1404388800,169.4,0
1404389400,190.3,0
1404390000,151.3,0
1404390600,1209.9,0
1404391200,1760.8,1
1404391800,1733.1,1
1404392400,1744.3,0
1404393000,796.8,0
1404393600,1503,0
1404394200,259.1,0
1404394800,530.9,1
1404395400,1727.2,1
1404396000,1743.8,0
1404396600,2720.3,0
1404397200,144.9,0
1404397800,143.4,0
1404398400,824.5,1
1404399000,1693,1
1404399600,1662.2,0
1404400200,1662.2,0
1404400800,1706.4,0
1404401400,1484.6,0
1404402000,294,0
1404402600,272.6,0
1404403200,949.5,0
1404403800,1906.1,0
1404404400,1894.9,0
1404405000,1877.2,0
1404405600,1040.2,0
1404406200,226,0
1404406800,415.9,0
1404407400,3113.6,0
1404408000,2866.1,0
1404408600,2920.6,0
1404409200,2541.5,1
1404409800,1765.1,1
1404410400,1755.4,1
1404411000,1662,0
1404411600,798.8,0
1404412200,149.4,0
1404412800,147.1,0
1404413400,146.5,0
1404414000,146.5,0
1404414600,145.6,0
1404415200,146.9,0
1404415800,259.9,0
1404416400,548.6,1
1404417000,547.9,1
1404417600,210.3,0
1404418200,264.7,0
1404418800,259.9,0
1404419400,254.2,0
1404420000,252.3,0
1404420600,250.5,0
1404421200,238.4,0
1404421800,1404.7,1
1404422400,1441,1
1404423000,1447.8,1
1404423600,291.5,0
1404424200,229.5,0
1404424800,249.6,0
1404425400,965.4,0
1404426000,1437.3,0
1404426600,1147.3,1
1404427200,690.2,1
1404427800,277.9,0
1404428400,275.2,0
1404429000,160.3,0
1404429600,127.7,0
1404430200,798.2,1
1404430800,1044.1,0
1404431400,128.8,0
1404432000,144.5,0
1404432600,131.8,0
1404433200,117.5,0
1404433800,172,0
1404434400,114,0
1404435000,114.2,0
1404435600,114,0
1404436200,114,0
1404436800,115.3,0
1404437400,186.8,0
1404438000,225.8,0
1404438600,1307.9,0
1404439200,635.8,0
1404439800,183.7,0
1404440400,115,0
1404441000,113.3,0
1404441600,113.3,0
1404442200,115.9,0
1404442800,113.5,0
1404443400,113.5,0
1404444000,117.1,0
1404444600,113.9,0
1404445200,113.7,0
1404445800,115.1,0
1404446400,113.4,0
1404447000,113.1,0
1404447600,116.3,0
1404448200,113.6,0
1404448800,118.1,0
1404449400,120.3,0
1404450000,215.6,0
1404450600,228,0
1404451200,246.8,0
1404451800,1441.6,1
1404452400,163.2,0
1404453000,149.6,0
1404453600,493.8,0
1404454200,1076.8,1
1404454800,260.7,0
1404455400,150.3,0
1404456000,149.4,0
1404456600,150.3,0
1404457200,151.4,0
1404457800,150,0
1404458400,152.2,0
1404459000,149.8,0
1404459600,150.8,0
1404460200,154.1,0
1404460800,151.1,0
1404461400,150.2,0
1404462000,179.2,0
1404462600,263.4,0
1404463200,258.5,0
1404463800,368.3,0
1404464400,1507.4,1
1404465000,596.5,0
1404465600,174.6,0
1404466200,205.6,0
1404466800,376,0
1404467400,185.4,0
1404468000,165.2,0
1404468600,437.8,0
1404469200,1817.9,0
1404469800,1512.2,0
1404470400,1560.7,0
1404471000,613.7,0
1404471600,200.2,0
1404472200,254.4,0
1404472800,300.4,0
1404473400,311.3,0
1404474000,316.2,0
1404474600,974.8,1
1404475200,1677.2,1
1404475800,1669.6,0
1404476400,666.3,0
1404477000,192.3,0
1404477600,189.4,0
1404478200,182.9,0
1404478800,434.5,0
1404479400,1597.7,0
1404480000,1622.3,0
1404480600,926.2,1
1404481200,234,0
1404481800,177.5,0
1404482400,181.9,0
1404483000,148.4,0
1404483600,1284.9,0
1404484200,1632.7,1
1404484800,164.9,0
1404485400,1315.1,0
1404486000,377.4,0
1404486600,788.1,0
1404487200,1763.9,0
1404487800,1750.1,0
1404488400,1315.8,1
1404489000,182.4,0
1404489600,148.3,0
1404490200,147,0
1404490800,1641.9,0
1404491400,1656.6,0
1404492000,996.1,0
1404492600,149.9,0
1404493200,151.2,0
1404493800,205.1,0
1404494400,982.8,0
1404495000,1730.5,0
1404495600,1728.9,0
1404496200,1387.7,0
1404496800,324.6,0
1404497400,241,0
1404498000,650.7,0
1404498600,1534.2,0
1404499200,1556.1,1
1404499800,518.9,0
1404500400,147.9,0
1404501000,150.4,0
1404501600,150.2,0
1404502200,886.2,1
1404502800,1481.7,1
1404503400,680.9,1
1404504000,146.5,0
1404504600,231.5,0
1404505200,258.3,0
1404505800,255.1,0
1404506400,1148.7,1
1404507000,2583.9,1
1404507600,290.4,0
1404508200,147.1,0
1404508800,147.7,0
1404509400,206.2,0
1404510000,147.1,0
1404510600,147.2,0
1404511200,162,0
1404511800,755.8,0
1404512400,1532.3,0
1404513000,811.6,1
1404513600,282,0
1404514200,266.5,0
1404514800,343.3,0
1404515400,1528.6,1
1404516000,872.5,1
1404516600,257.8,0
1404517200,221,0
1404517800,213.1,0
1404518400,152.2,0
1404519000,152.1,0
1404519600,153.2,0
1404520200,153.5,0
1404520800,154.7,0
1404521400,157.7,0
1404522000,153.1,0
1404522600,155,0
1404523200,152.7,0
1404523800,152.5,0
1404524400,151.2,0
1404525000,151.4,0
1404525600,822.3,0
1404526200,639.7,1
1404526800,263.2,0
1404527400,261,0
1404528000,257.8,0
1404528600,257,0
1404529200,372.5,0
1404529800,1056.2,1
1404530400,370,1
1404531000,318,1
1404531600,322.8,1
1404532200,1373.1,1
1404532800,215.5,0
1404533400,980.2,0
1404534000,750.2,1
1404534600,115.5,0
1404535200,114,0
1404535800,115.3,0
1404536400,113.8,0
1404537000,114.1,0
1404537600,114.6,0
1404538200,136.7,0
1404538800,264.2,0
1404539400,279.2,0
1404540000,276.3,0
1404540600,581,1
1404541200,282.5,0
1404541800,273.7,0
1404542400,191.9,0
1404543000,178.9,0
1404543600,277.4,0
1404544200,1395,1
1404544800,709.6,1
1404545400,265.3,0
1404546000,1267.5,1
1404546600,164.6,0
1404547200,132.1,0
1404547800,114,0
1404548400,117.4,0
1404549000,114.9,0
1404549600,113.9,0
1404550200,118.1,0
1404550800,114,0
1404551400,113.9,0
1404552000,206.7,0
1404552600,224.5,0
1404553200,1207.5,1
1404553800,1012.9,1
1404554400,268.3,0
1404555000,913.3,1
1404555600,1689.4,0
1404556200,567.9,0
1404556800,248.3,0
1404557400,199.2,0
1404558000,146.3,0
1404558600,152,0
1404559200,163,0
1404559800,145.3,0
1404560400,1454.9,1
1404561000,1552,1
1404561600,774.5,0
1404562200,143.7,0
1404562800,143.6,0
1404563400,154.1,0
1404564000,152.6,0
1404564600,1462.6,0
1404565200,1704,0
1404565800,1412.5,0
1404566400,256,0
1404567000,253.4,0
1404567600,226.7,0
1404568200,1429.3,0
1404568800,1467.5,1
1404569400,617.5,0
1404570000,1010.1,0
1404570600,1618.6,1
1404571200,1633.1,1
1404571800,1438.6,0
1404572400,202.6,0
1404573000,159.1,0
1404573600,417.8,0
1404574200,1102.3,1
1404574800,1670.2,1
1404575400,1664.1,1
1404576000,533,0
1404576600,113.7,0
1404577200,272.5,0
1404577800,1558.6,0
1404578400,997.9,1
1404579000,115.6,0
1404579600,898.9,1
1404580200,226.9,0
1404580800,220.1,0
1404581400,218,0
1404582000,217.3,0
1404582600,216.5,0
1404583200,467.5,0
1404583800,1452.4,0
1404584400,1467.1,1
1404585000,1470.2,0
1404585600,1462.2,1
1404586200,475.9,0
1404586800,122.7,0
1404587400,1078.7,0
1404588000,1401.5,1
1404588600,220.9,0
1404589200,169.1,0
1404589800,150.6,0
1404590400,1397,1
1404591000,1234.8,1
1404591600,181.9,0
1404592200,167,0
1404592800,167.3,0
1404593400,658.7,0
1404594000,1978.3,1
1404594600,1544.5,1
1404595200,364.2,0
1404595800,309.7,0
1404596400,710.8,1
1404597000,1611,1
1404597600,692.2,0
1404598200,225.5,0
1404598800,224.2,0
1404599400,164.6,0
1404600000,160.5,0
1404600600,212.5,0
1404601200,1150.5,1
1404601800,189,0
1404602400,159,0
1404603000,150.9,0
1404603600,155.4,0
1404604200,155.1,0
1404604800,1232.9,1
1404605400,473.8,1
1404606000,150.8,0
1404606600,150.8,0
1404607200,151.4,0
1404607800,151.2,0
1404608400,222.1,0
1404609000,262.4,0
1404609600,258.5,0
1404610200,256.4,0
1404610800,255.1,0
1404611400,1335.4,1
1404612000,869.3,0
1404612600,150.5,0
1404613200,151.2,0
1404613800,151,0
1404614400,151.2,0
1404615000,151.3,0
1404615600,152.2,0
1404616200,151,0
1404616800,151.3,0
1404617400,150.7,0
1404618000,150.9,0
1404618600,151.2,0
1404619200,152,0
1404619800,151.1,0
1404620400,151.4,0
1404621000,1384.4,1
1404621600,151.8,0
1404622200,152.6,0
1404622800,152.5,0
1404623400,151,0
1404624000,161.2,0
1404624600,263.2,0
1404625200,257.8,0
1404625800,256.8,0
1404626400,257.7,0
1404627000,255.2,0
1404627600,241.8,0
1404628200,151,0
1404628800,151.2,0
1404629400,151.2,0
1404630000,303.9,1
1404630600,1376.5,1
1404631200,249.3,0
1404631800,151,0
1404632400,151.9,0
1404633000,152.2,0
1404633600,152.6,0
1404634200,151.2,0
1404634800,151.3,0
1404635400,151,0
1404636000,151.1,0
1404636600,159.4,0
1404637200,533.2,0
1404637800,288,0
1404638400,365.5,0
1404639000,1649.3,1
1404639600,1202,0
1404640200,263.5,0
1404640800,269.3,0
1404641400,269.7,0
1404642000,193.9,0
1404642600,1444.5,0
1404643200,1184.4,1
1404643800,573.7,0
1404644400,976,1
1404645000,145.1,0
1404645600,145.2,0
1404646200,145.2,0
1404646800,768.6,1
1404647400,1568.8,1
1404648000,402.8,0
1404648600,144.2,0
1404649200,145.9,0
1404649800,144.9,0
1404650400,1484.9,1
1404651000,1485.4,0
1404651600,145.8,0
1404652200,148,0
1404652800,145.7,0
1404653400,143.9,0
1404654000,144,0
1404654600,146.6,0
1404655200,143.7,0
1404655800,188.9,0
1404656400,255.5,0
1404657000,250.4,0
1404657600,248,0
1404658200,247.2,0
1404658800,246,0
1404659400,217.3,0
1404660000,144.4,0
1404660600,143.8,0
1404661200,518.8,1
1404661800,1733.2,1
1404662400,1675,1
1404663000,1675.6,0
1404663600,1650.1,0
1404664200,1659.7,0
1404664800,1727.6,1
1404665400,1774,1
1404666000,1767.7,1
1404666600,961,1
1404667200,247.1,0
1404667800,246.9,0
1404668400,1512.4,1
1404669000,1756.8,1
1404669600,2994.3,1
1404670200,1631.8,0
1404670800,555.1,0
1404671400,148.4,0
1404672000,146.1,0
1404672600,491.4,0
1404673200,1606.3,0
1404673800,1539.4,0
1404674400,300.8,0
1404675000,145,0
1404675600,145.6,0
1404676200,1332.2,1
1404676800,1623.1,1
1404677400,863,1
1404678000,206.9,0
1404678600,255.9,0
1404679200,262.6,0
1404679800,317.5,0
1404680400,1471.6,1
1404681000,1654.9,1
1404681600,1040.5,1
1404682200,273,0
1404682800,335.7,0
1404683400,276.1,0
1404684000,947,0
1404684600,1635.8,0
1404685200,1372.7,0
1404685800,181.4,0
1404686400,148.2,0
1404687000,146.9,0
1404687600,142.9,0
1404688200,118.7,0
1404688800,117.7,0
1404689400,1168.8,1
1404690000,448.2,0
1404690600,117.6,0
1404691200,115.4,0
1404691800,115.6,0
1404692400,115.2,0
1404693000,1318.7,1
1404693600,114.7,0
1404694200,1135,1
1404694800,430.5,1
1404695400,121.4,0
1404696000,168,0
1404696600,115.7,0
1404697200,132,0
1404697800,146.9,0
1404698400,465.7,0
1404699000,1491.3,1
1404699600,542,1
1404700200,219.8,0
1404700800,218.9,0
1404701400,218.5,0
1404702000,147.8,0
1404702600,115.8,0
1404703200,115.3,0
1404703800,115,0
1404704400,115,0
1404705000,115.3,0
1404705600,115.2,0
1404706200,116,0
1404706800,172.4,0
1404707400,114.9,0
1404708000,114.8,0
1404708600,115.9,0
1404709200,353.2,0
1404709800,1150.5,1
1404710400,174.3,0
1404711000,116.2,0
1404711600,119,0
1404712200,116.4,0
1404712800,114.6,0
1404713400,196.8,0
1404714000,225.5,0
1404714600,222.1,0
1404715200,220.3,0
1404715800,220.2,0
1404716400,364.8,1
1404717000,1452.3,1
1404717600,344.5,1
1404718200,350.7,1
1404718800,1160.2,1
1404719400,115.7,0
1404720000,115.3,0
1404720600,116.3,0
1404721200,115.3,0
1404721800,114.9,0
1404722400,114.8,0
1404723000,114.9,0
1404723600,114.7,0
1404724200,116,0
1404724800,992.3,1
1404725400,856.5,0
1404726000,126.8,0
1404726600,165.2,0
1404727200,407.3,0
1404727800,261.3,0
1404728400,1060.2,0
1404729000,1715.4,0
1404729600,1144.8,0
1404730200,370,0
1404730800,360.3,0
1404731400,375.7,0
1404732000,738,1
1404732600,2239.2,1
1404733200,2157.5,1
1404733800,2169.3,1
1404734400,713,0
1404735000,202.8,0
1404735600,202.4,0
1404736200,198.4,0
1404736800,666,1
1404737400,1667.3,0
1404738000,1668.2,0
1404738600,1695.6,0
1404739200,1033.1,0
1404739800,189.2,0
1404740400,1515.6,1
1404741000,283.6,0
1404741600,306.3,0
1404742200,1399.2,0
1404742800,1828.7,0
1404743400,3032.7,1
1404744000,519.2,1
1404744600,279,0
1404745200,585.6,0
1404745800,1826.3,0
1404746400,1824.4,0
1404747000,1690.2,0
1404747600,648.4,1
1404748200,582.3,1
1404748800,405.9,0
1404749400,353.3,0
1404750000,1898.2,0
1404750600,1837.5,0
1404751200,1818.5,0
1404751800,1816.1,1
1404752400,621.3,0
1404753000,297.1,0
1404753600,184.6,0
1404754200,182.5,0
1404754800,1604.4,0
1404755400,1696.8,0
1404756000,1692.4,1
1404756600,1689.2,0
1404757200,640.7,0
1404757800,384.8,0
1404758400,1222.3,1
1404759000,188,0
1404759600,615.9,0
1404760200,1665.3,0
1404760800,1655.8,1
1404761400,783,1
1404762000,182.5,0
1404762600,237.3,0
1404763200,227.7,0
1404763800,569.9,1
1404764400,1345.9,1
1404765000,1716.5,1
1404765600,1629.9,1
1404766200,440.6,0
1404766800,304.9,0
1404767400,222,0
1404768000,201.2,0
1404768600,201.1,0
1404769200,593.7,1
1404769800,1570.8,1
1404770400,1574.2,1
1404771000,613,0
1404771600,217.8,0
1404772200,216.7,0
1404772800,219.2,0
1404773400,219.7,0
1404774000,221.7,0
1404774600,215.9,0
1404775200,217.7,0
1404775800,216.4,0
1404776400,1017.2,0
1404777000,1413.8,1
1404777600,454.1,1
1404778200,332.2,1
1404778800,329.7,1
1404779400,324.6,0
1404780000,960.1,1
1404780600,1544.3,1
1404781200,790.9,1
1404781800,188.1,0
1404782400,163.2,0
1404783000,163.2,0
1404783600,163.8,0
1404784200,148.3,0
1404784800,148,0
1404785400,1368.7,1
1404786000,148.3,0
1404786600,148.1,0
1404787200,149.3,0
1404787800,861.4,1
1404788400,825.4,1
1404789000,151,0
1404789600,154.2,0
1404790200,151.1,0
1404790800,223.2,0
1404791400,319.1,1
1404792000,257.9,0
1404792600,255,0
1404793200,253.7,0
1404793800,252.1,0
1404794400,150.1,0
1404795000,149.2,0
1404795600,148.1,0
1404796200,1143.8,1
1404796800,367.4,0
1404797400,148.2,0
1404798000,148.4,0
1404798600,147.6,0
1404799200,184.7,0
1404799800,184,0
1404800400,184.4,0
1404801000,183.9,0
1404801600,184.9,0
1404802200,183.6,0
1404802800,183.4,0
1404803400,183.3,0
1404804000,187,0
1404804600,595.9,1
1404805200,1487.2,1
1404805800,434.1,1
1404806400,295.2,0
1404807000,293.3,0
1404807600,257.8,0
1404808200,342.4,0
1404808800,1481.5,1
1404809400,297.7,0
1404810000,184,0
1404810600,183.6,0
1404811200,183.7,0
1404811800,183.4,0
1404812400,185,0
1404813000,2499.9,1
1404813600,765.4,1
1404814200,183.1,0
1404814800,183.4,0
1404815400,192.1,0
1404816000,1498.3,0
1404816600,1088.3,0
1404817200,467.6,1
1404817800,198.9,0
1404818400,292.1,0
1404819000,1755,1
1404819600,1760.4,1
1404820200,1751,1
1404820800,912.5,0
1404821400,487.8,0
1404822000,164.7,0
1404822600,145.9,0
1404823200,146.6,0
1404823800,1079.8,0
1404824400,1660.4,0
1404825000,592.9,0
1404825600,145,0
1404826200,144.6,0
1404826800,903.8,1
1404827400,1670.6,1
1404828000,1471.8,1
1404828600,294.8,0
1404829200,145.2,0
1404829800,144.5,0
1404830400,278.6,0
1404831000,1738.9,1
1404831600,1823.1,1
1404832200,1884,0
1404832800,1180.6,0
1404833400,249.2,0
1404834000,249.5,0
1404834600,228.2,0
1404835200,1055.3,0
1404835800,1718.3,0
1404836400,2953.1,0
1404837000,584.4,0
1404837600,146.7,0
1404838200,145.4,0
1404838800,1178.4,1
1404839400,1695.8,0
1404840000,1815.8,0
1404840600,1001.5,0
1404841200,509.5,0
1404841800,1841.2,0
1404842400,1511.7,0
1404843000,144.8,0
1404843600,146.4,0
1404844200,1488,1
1404844800,1667.3,1
1404845400,1659.2,1
1404846000,371.7,0
1404846600,148.3,0
1404847200,146.3,0
1404847800,157,0
1404848400,491.7,1
1404849000,1608.7,1
1404849600,1607.4,1
1404850200,742.7,0
1404850800,177.9,0
1404851400,167.9,0
1404852000,168.4,0
1404852600,167.8,0
1404853200,1384.4,1
1404853800,1666.8,1
1404854400,349.2,0
1404855000,349.4,0
1404855600,298.4,0
1404856200,1319.1,1
1404856800,1842.7,0
1404857400,2077.6,0
1404858000,184.5,0
1404858600,183.1,0
1404859200,195.4,0
1404859800,228.2,0
1404860400,242.2,0
1404861000,356.1,0
1404861600,1542.1,1
1404862200,354.1,0
1404862800,158.9,0
1404863400,156.3,0
1404864000,151.5,0
1404864600,151.7,0
1404865200,1249.3,1
1404865800,1064.4,1
1404866400,278,0
1404867000,311.5,0
1404867600,297.5,0
1404868200,260.6,0
1404868800,259.6,0
1404869400,1125.5,1
1404870000,1127.7,1
1404870600,152.1,0
1404871200,151,0
1404871800,151,0
1404872400,157.4,0
1404873000,153,0
1404873600,170.7,0
1404874200,160.3,0
1404874800,177.7,0
1404875400,169.2,0
1404876000,154.1,0
1404876600,150.9,0
1404877200,173.3,0
1404877800,176.8,0
1404878400,174.2,0
1404879000,165.8,0
1404879600,650.8,1
1404880200,941.6,1
1404880800,315.2,1
1404881400,310.5,1
1404882000,283.4,0
1404882600,274.5,0
1404883200,1489.9,1
1404883800,210.8,0
1404884400,194.7,0
1404885000,1349.8,1
1404885600,311.7,0
1404886200,155.2,0
1404886800,150.8,0
1404887400,153.1,0
1404888000,154.9,0
1404888600,151.7,0
1404889200,153.8,0
1404889800,154.8,0
1404890400,150.6,0
1404891000,150.6,0
1404891600,151.5,0
1404892200,152.4,0
1404892800,151,0
1404893400,150.6,0
1404894000,1277.3,1
1404894600,611.2,1
1404895200,322,0
1404895800,260,0
1404896400,256.7,0
1404897000,531.1,1
1404897600,1591.7,1
1404898200,614.1,0
1404898800,151,0
1404899400,322.3,0
1404900000,898.2,1
1404900600,240.1,0
1404901200,218.1,0
1404901800,438.4,0
1404902400,1650.6,0
1404903000,710.5,0
1404903600,298.7,0
1404904200,308.4,0
1404904800,1200,1
1404905400,1770.1,0
1404906000,1405.2,1
1404906600,1647.2,1
1404907200,292.1,0
1404907800,183.9,0
1404908400,650.8,0
1404909000,1687.7,1
1404909600,1692.7,1
1404910200,1275.5,0
1404910800,246,0
1404911400,181.7,0
1404912000,179.8,0
1404912600,149.8,0
1404913200,1011.9,1
1404913800,1702.7,1
1404914400,1706,0
1404915000,706.1,0
1404915600,173.6,0
1404916200,280.6,0
1404916800,944.2,1
1404917400,1836.4,1
1404918000,1822.3,0
1404918600,366,0
1404919200,239.4,0
1404919800,144.7,0
1404920400,655.6,1
1404921000,1711.9,1
1404921600,1717.9,0
1404922200,1127.7,0
1404922800,159.3,0
1404923400,152.4,0
1404924000,144.6,0
1404924600,1351.7,1
1404925200,1718.3,1
1404925800,2927.5,0
1404926400,1084,0
1404927000,262.2,0
1404927600,271.7,0
1404928200,1799.9,0
1404928800,1807.2,0
1404929400,1798.7,0
1404930000,722.1,0
1404930600,265.5,0
1404931200,212.7,0
1404931800,713.2,1
1404932400,1696.3,0
1404933000,1718.3,0
1404933600,1070.4,0
1404934200,193.9,0
1404934800,154.2,0
1404935400,155.1,0
1404936000,1211,1
1404936600,1619.1,1
1404937200,319.3,0
1404937800,169.4,0
1404938400,174.8,0
1404939000,217.8,0
1404939600,907,0
1404940200,1757.8,0
1404940800,1687.2,1
1404941400,410.9,0
1404942000,290.7,0
1404942600,294.3,0
1404943200,971.6,0
1404943800,1659.7,0
1404944400,987.6,0
1404945000,163.2,0
1404945600,164.2,0
1404946200,1262.5,1
1404946800,306.9,0
1404947400,157.9,0
1404948000,155.7,0
1404948600,604,1
1404949200,1495.1,1
1404949800,397.4,1
1404950400,153.3,0
1404951000,152.8,0
1404951600,151.9,0
1404952200,151.8,0
1404952800,204.4,0
1404953400,1454.8,1
1404954000,294.8,0
1404954600,157.1,0
1404955200,155.7,0
1404955800,154.8,0
1404956400,220.3,0
1404957000,264.4,0
1404957600,260.6,0
1404958200,986.4,0
1404958800,1322.5,1
1404959400,281.2,0
1404960000,152.1,0
1404960600,151.9,0
1404961200,210.5,0
1404961800,154.1,0
1404962400,152.2,0
1404963000,151.5,0
1404963600,151.7,0
1404964200,152.2,0
1404964800,152.2,0
1404965400,153.1,0
1404966000,153.2,0
1404966600,154.4,0
1404967200,153.1,0
1404967800,154.5,0
1404968400,151.2,0
1404969000,152.6,0
1404969600,164.5,0
1404970200,266.5,0
1404970800,260.9,0
1404971400,258.6,0
1404972000,590.8,1
1404972600,1199.4,1
1404973200,1184.3,1
1404973800,458.4,1
1404974400,150.7,0
1404975000,151.5,0
1404975600,151.6,0
1404976200,152.4,0
1404976800,151.7,0
1404977400,151.5,0
1404978000,152.8,0
1404978600,153.3,0
1404979200,152.8,0
1404979800,153.3,0
1404980400,152.3,0
1404981000,152,0
1404981600,152,0
1404982200,152.3,0
1404982800,322.7,0
1404983400,1458.8,1
1404984000,243.8,0
1404984600,172,0
1404985200,265.3,0
1404985800,260.6,0
1404986400,257.8,0
1404987000,1433.5,1
1404987600,857.6,0
1404988200,151,0
1404988800,151.1,0
1404989400,163.6,0
1404990000,926.9,1
1404990600,1382.6,1
1404991200,291.9,0
1404991800,182.5,0
1404992400,182.1,0
1404993000,182.6,0
1404993600,739.7,0
1404994200,1639.2,1
1404994800,747.9,0
1404995400,245.7,0
1404996000,454.8,0
1404996600,1764.3,0
1404997200,1377.2,0
1404997800,329,0
1404998400,253.2,0
1404999000,1721.7,1
1404999600,1672.3,1
1405000200,1683.4,0
1405000800,622.5,0
1405001400,184.5,0
1405002000,181.6,0
1405002600,180.8,0
1405003200,234.3,0
1405003800,1786.2,0
1405004400,1706.3,0
1405005000,1691.6,0
1405005600,1126.6,0
1405006200,226.6,0
1405006800,185.2,0
1405007400,1016.6,1
1405008000,1803.6,0
1405008600,1805.4,0
1405009200,1121.1,0
1405009800,254.2,0
1405010400,248.3,0
1405011000,1377.8,1
1405011600,1661.1,0
1405012200,1473.8,0
1405012800,191.7,0
1405013400,144.3,0
1405014000,874.2,0
1405014600,1649.9,0
1405015200,1635.6,0
1405015800,676.5,0
1405016400,147.4,0
1405017000,159,0
1405017600,492.5,1
1405018200,1706.8,1
1405018800,1696.1,0
1405019400,1653.3,0
1405020000,1622.3,1
1405020600,159.2,0
1405021200,149.6,0
1405021800,653.7,0
1405022400,1544.9,1
1405023000,1398.2,1
1405023600,207.1,0
1405024200,225.8,0
1405024800,587.5,1
1405025400,589.9,1
1405026000,1312.2,1
1405026600,1598.4,0
1405027200,330.1,0
1405027800,297.4,0
1405028400,277.6,0
1405029000,276.4,0
1405029600,1416.5,0
1405030200,1557.3,0
1405030800,805.3,0
1405031400,169.2,0
1405032000,169.1,0
1405032600,170.2,0
1405033200,170.1,0
1405033800,173.3,0
1405034400,182.3,0
1405035000,174.2,0
1405035600,169.2,0
1405036200,165.6,0
1405036800,165.2,0
1405037400,161.7,0
1405038000,156.8,0
1405038600,1388.7,1
1405039200,154.1,0
1405039800,156,0
1405040400,157.6,0
1405041000,779.5,1
1405041600,1319.8,1
1405042200,294.6,0
1405042800,257.5,0
1405043400,257.8,0
1405044000,221.4,0
1405044600,151.6,0
1405045200,152.1,0
1405045800,151.7,0
1405046400,152,0
1405047000,152.3,0
1405047600,152.9,0
1405048200,152.8,0
1405048800,152.5,0
1405049400,152.1,0
1405050000,152.4,0
1405050600,152.3,0
1405051200,152.4,0
1405051800,153.1,0
1405052400,152.5,0
1405053000,152,0
1405053600,153.8,0
1405054200,261.5,0
1405054800,262.3,0
1405055400,259.6,0
1405056000,257.4,0
1405056600,229.4,0
1405057200,1060.6,1
1405057800,468.6,1
1405058400,151.1,0
1405059000,152.2,0
1405059600,151.4,0
1405060200,151,0
1405060800,151,0
1405061400,152,0
1405062000,151.3,0
1405062600,152.1,0
1405063200,151.6,0
1405063800,151.1,0
1405064400,152,0
1405065000,152.6,0
1405065600,1399.9,1
1405066200,153.2,0
1405066800,246.2,0
1405067400,261.3,0
1405068000,258.3,0
1405068600,256.6,0
1405069200,242.7,0
1405069800,274.5,0
1405070400,1433.6,1
1405071000,838,1
1405071600,144.6,0
1405072200,145.1,0
1405072800,153.4,0
1405073400,471.7,0
1405074000,278,0
1405074600,668.2,0
1405075200,1616.5,0
1405075800,1081.5,1
1405076400,252.2,0
1405077000,229.9,0
1405077600,168.3,0
1405078200,450.7,0
1405078800,169.7,0
1405079400,1540.6,0
1405080000,1532.1,1
1405080600,559.9,0
1405081200,156.2,0
1405081800,198,0
1405082400,337.1,0
1405083000,2876.6,0
1405083600,926.9,0
1405084200,261.4,0
1405084800,254.7,0
1405085400,1282.6,1
1405086000,1393,0
1405086600,278.1,0
1405087200,148.9,0
1405087800,150.1,0
1405088400,858.6,1
1405089000,1636.3,1
1405089600,866.8,1
1405090200,254,0
1405090800,1458.9,0
1405091400,1675.5,0
1405092000,1263.6,0
1405092600,154.1,0
1405093200,152.3,0
1405093800,210.2,0
1405094400,910.9,0
1405095000,1774.9,0
1405095600,1926.9,0
1405096200,1169,0
1405096800,339.4,0
1405097400,336.9,0
1405098000,1512,0
1405098600,1768.4,0
1405099200,316.6,0
1405099800,227,0
1405100400,1513.3,0
1405101000,1743.5,0
1405101600,1377.4,0
1405102200,231.4,0
1405102800,229.5,0
1405103400,235.6,0
1405104000,1492.4,0
1405104600,2511.4,1
1405105200,1860.2,1
1405105800,252.2,0
1405106400,211.9,0
1405107000,157.1,0
1405107600,224.8,0
1405108200,1621,1
1405108800,1701.4,0
1405109400,388.4,0
1405110000,278.2,0
1405110600,277.5,0
1405111200,352.7,0
1405111800,1344.1,1
1405112400,1703.2,0
1405113000,1615.8,0
1405113600,1241.6,1
1405114200,255.5,0
1405114800,253.3,0
1405115400,253.7,0
1405116000,813.5,0
1405116600,1668.7,0
1405117200,1670,1
1405117800,267.9,0
1405118400,296.3,0
1405119000,252.3,0
1405119600,247.5,0
1405120200,216.1,0
1405120800,250.7,0
1405121400,1221.3,1
1405122000,1134.8,1
1405122600,348.2,0
1405123200,269.2,0
1405123800,261.9,0
1405124400,245.1,0
1405125000,265.5,0
1405125600,1463,1
1405126200,609.4,1
1405126800,158.6,0
1405127400,151.1,0
1405128000,151.6,0
1405128600,152.9,0
1405129200,151.8,0
1405129800,152,0
1405130400,151.6,0
1405131000,151.4,0
1405131600,152.8,0
1405132200,153.2,0
1405132800,152.1,0
1405133400,152.8,0
1405134000,260.9,0
1405134600,321.3,0
1405135200,262.1,0
1405135800,259.8,0
1405136400,1916.1,1
1405137000,1087.9,1
1405137600,151.6,0
1405138200,151,0
1405138800,151.7,0
1405139400,152.5,0
1405140000,151,0
1405140600,152.6,0
1405141200,151.2,0
1405141800,151.1,0
1405142400,151.4,0
1405143000,152.6,0
1405143600,151.3,0
1405144200,151.3,0
1405144800,151,0
1405145400,150.9,0
1405146000,151.9,0
1405146600,233.9,0
1405147200,301.9,0
1405147800,283.1,0
1405148400,259.8,0
1405149000,256.7,0
1405149600,1369.5,1
1405150200,681.4,1
1405150800,150.9,0
1405151400,153.1,0
1405152000,151.5,0
1405152600,151,0
1405153200,153,0
1405153800,151.7,0
1405154400,150,0
1405155000,154.8,0
1405155600,150.4,0
1405156200,763.9,1
1405156800,905.5,1
1405157400,152.1,0
1405158000,151.1,0
1405158600,151.5,0
1405159200,166.7,0
1405159800,617.4,0
1405160400,2515.9,1
1405161000,992.5,0
1405161600,332.8,0
1405162200,676.2,0
1405162800,1239.5,1
1405163400,1552.4,1
1405164000,1625.2,1
1405164600,484.5,1
1405165200,154.6,0
1405165800,214.2,0
1405166400,365,0
1405167000,330.4,0
1405167600,1442.7,1
1405168200,1811.8,1
1405168800,1853.4,1
1405169400,824.7,0
1405170000,247.3,0
1405170600,207,0
1405171200,177.3,0
1405171800,178.4,0
1405172400,1520.1,0
1405173000,1728.8,0
1405173600,1714.3,1
1405174200,405,1
1405174800,213,0
1405175400,230.2,0
1405176000,349.4,0
1405176600,1729.9,0
1405177200,1712.7,1
1405177800,1390.3,1
1405178400,145,0
1405179000,145,0
1405179600,155.4,0
1405180200,875.6,0
1405180800,3119.7,1
1405181400,1824.1,0
1405182000,437.6,0
1405182600,247.7,0
1405183200,785.9,1
1405183800,1716,1
1405184400,1093,0
1405185000,144.6,0
1405185600,146.9,0
1405186200,145.2,0
1405186800,145,0
1405187400,147.1,0
1405188000,1534.5,0
1405188600,1741.4,0
1405189200,1751.1,1
1405189800,1728.5,0
1405190400,1668.1,0
1405191000,270.1,0
1405191600,171.7,0
1405192200,572.7,0
1405192800,1819.2,1
1405193400,1584.2,1
1405194000,358.3,0
1405194600,415.9,0
1405195200,1655.4,0
1405195800,1602.1,0
1405196400,241,0
1405197000,194.9,0
1405197600,188.7,0
1405198200,196.2,0
1405198800,850.6,0
1405199400,1626,0
1405200000,510.2,0
1405200600,187.5,0
1405201200,184.7,0
1405201800,1445.1,1
1405202400,1143.8,0
1405203000,1463.2,0
1405203600,515.6,0
1405204200,374.2,1
1405204800,342.6,0
1405205400,562,1
1405206000,1629.6,1
1405206600,1382.2,1
1405207200,283.3,0
1405207800,160.5,0
1405208400,164,0
1405209000,169.1,0
1405209600,205.1,0
1405210200,1029.2,1
1405210800,1125.6,1
1405211400,153.4,0
1405212000,160.6,0
1405212600,178.4,0
1405213200,174.9,0
1405213800,179.8,0
1405214400,172.3,0
1405215000,1089.3,1
1405215600,829.6,1
1405216200,173,0
1405216800,180,0
1405217400,279,0
1405218000,261.7,0
1405218600,259.5,0
1405219200,259,0
1405219800,1219.5,1
1405220400,1284.3,1
1405221000,326.2,1
1405221600,166.8,0
1405222200,151.4,0
1405222800,152.5,0
1405223400,151,0
1405224000,151.2,0
1405224600,151.2,0
1405225200,151.3,0
1405225800,151.2,0
1405226400,152.7,0
1405227000,152.3,0
1405227600,151.3,0
1405228200,152,0
1405228800,1380.8,1
1405229400,151.7,0
1405230000,152.7,0
1405230600,156.8,0
1405231200,1230.6,1
1405231800,1053.5,1
1405232400,259,0
1405233000,257.6,0
1405233600,257.5,0
1405234200,255.1,0
1405234800,167.2,0
1405235400,1303.7,1
1405236000,463.5,1
1405236600,151.1,0
1405237200,153,0
1405237800,152,0
1405238400,152.2,0
1405239000,151.6,0
1405239600,151.2,0
1405240200,150.1,0
1405240800,151.7,0
1405241400,905.8,1
1405242000,1004.1,1
1405242600,161.1,0
1405243200,150.7,0
1405243800,150.4,0
1405244400,151.6,0
1405245000,150,0
1405245600,150,0
1405246200,1632.6,1
1405246800,1077,0
1405247400,282.9,0
1405248000,219.4,0
1405248600,415.6,0
1405249200,1996.4,1
1405249800,1720.7,1
1405250400,661.1,1
1405251000,242.8,0
1405251600,327.6,0
1405252200,144.3,0
1405252800,419.5,0
1405253400,1244.5,1
1405254000,1399.7,1
1405254600,1498.5,1
1405255200,664.4,0
1405255800,1686.8,0
1405256400,1694.5,1
1405257000,948.2,1
1405257600,292,0
1405258200,247.7,0
1405258800,904.4,0
1405259400,1780.6,0
1405260000,1702.6,0
1405260600,244.7,0
1405261200,112.6,0
1405261800,113,0
1405262400,766.1,0
1405263000,1699.6,0
1405263600,1694,0
1405264200,282.3,0
1405264800,114.3,0
1405265400,113.7,0
1405266000,114.7,0
1405266600,113.8,0
1405267200,113.3,0
1405267800,113.7,0
1405268400,113.8,0
1405269000,113.5,0
1405269600,114.4,0
1405270200,114.9,0
1405270800,113.7,0
1405271400,113.5,0
1405272000,1767.1,1
1405272600,1841,1
1405273200,1811.4,1
1405273800,1828.1,0
1405274400,1819.6,0
1405275000,1899.2,0
1405275600,1894.1,1
1405276200,2443.2,1
1405276800,2567.9,1
1405277400,1777.5,1
1405278000,1242.4,0
1405278600,153.9,0
1405279200,148.5,0
1405279800,269.1,0
1405280400,1659.8,1
1405281000,1658.4,1
1405281600,1417,0
1405282200,199,0
1405282800,168.9,0
1405283400,167,0
1405284000,188.9,0
1405284600,1430.4,1
1405285200,1686.3,0
1405285800,306.8,0
1405286400,237.2,0
1405287000,2802.2,1
1405287600,1290.8,1
1405288200,225.2,0
1405288800,285.1,0
1405289400,281.5,0
1405290000,282.7,0
1405290600,1086,1
1405291200,1641.3,1
1405291800,626.8,1
1405292400,172.1,0
1405293000,114.7,0
1405293600,168.6,0
1405294200,1079.7,1
1405294800,1371.4,0
1405295400,267.1,0
1405296000,151.1,0
1405296600,151.3,0
1405297200,155.5,0
1405297800,156.8,0
1405298400,206.8,0
1405299000,208.5,0
1405299600,1230.5,1
1405300200,1051.5,1
1405300800,152.4,0
1405301400,152.9,0
1405302000,246.8,0
1405302600,263.9,0
1405303200,260.1,0
1405303800,547.6,0
1405304400,1434.1,1
1405305000,321.6,1
1405305600,252.1,0
1405306200,153.4,0
1405306800,151.9,0
1405307400,151.1,0
1405308000,151.5,0
1405308600,151.4,0
1405309200,884.5,1
1405309800,1023.9,1
1405310400,151.1,0
1405311000,151,0
1405311600,577.8,1
1405312200,942.4,1
1405312800,151.5,0
1405313400,153.6,0
1405314000,151.2,0
1405314600,151.1,0
1405315200,151.4,0
1405315800,172,0
1405316400,265.8,0
1405317000,261.9,0
1405317600,259,0
1405318200,898.8,1
1405318800,1030.9,1
1405319400,314.8,0
1405320000,256,0
1405320600,198.6,0
1405321200,151.8,0
1405321800,151.9,0
1405322400,152.3,0
1405323000,151.8,0
1405323600,152.8,0
1405324200,153.9,0
1405324800,1019.3,1
1405325400,844.9,1
1405326000,193.7,0
1405326600,151.3,0
1405327200,151.1,0
1405327800,152.6,0
1405328400,151,0
1405329000,151.5,0
1405329600,648.9,0
1405330200,1310,1
1405330800,217.9,0
1405331400,153.1,0
1405332000,151.6,0
1405332600,1281,1
1405333200,1444.3,1
1405333800,364.3,0
1405334400,259.7,0
1405335000,375,0
1405335600,1698.4,1
1405336200,1759.5,1
1405336800,1485.5,1
1405337400,1837.6,0
1405338000,252,0
1405338600,200.3,0
1405339200,456.2,0
1405339800,2039.1,1
1405340400,1679.4,1
1405341000,991.2,1
1405341600,145.4,0
1405342200,147.5,0
1405342800,150.2,0
1405343400,767.2,0
1405344000,1706.2,1
1405344600,1726.7,1
1405345200,1716.8,0
1405345800,509.1,0
1405346400,146.3,0
1405347000,145.1,0
1405347600,145.5,0
1405348200,1235,0
1405348800,1723.8,1
1405349400,1746.3,0
1405350000,755.2,0
1405350600,151.8,0
1405351200,260.2,0
1405351800,254.5,0
1405352400,1275.6,1
1405353000,1864.6,1
1405353600,1646.3,0
1405354200,247.1,0
1405354800,203.7,0
1405355400,192.3,0
1405356000,220.5,0
1405356600,225.5,0
1405357200,226.1,0
1405357800,225.2,0
1405358400,225.7,0
1405359000,225.1,0
1405359600,225.5,0
1405360200,187.1,0
1405360800,123.8,0
1405361400,120.7,0
1405362000,119.5,0
1405362600,1341.5,1
1405363200,117,0
1405363800,116,0
1405364400,116,0
1405365000,115.7,0
1405365600,120.2,0
1405366200,230.4,0
1405366800,224.8,0
1405367400,222.2,0
1405368000,225.9,0
1405368600,236.2,0
1405369200,242.6,0
1405369800,205.8,0
1405370400,137.5,0
1405371000,140.7,0
1405371600,141.2,0
1405372200,195.5,0
1405372800,208.4,0
1405373400,573.5,0
1405374000,1628.7,1
1405374600,1621.9,1
1405375200,1617.6,0
1405375800,1614.4,0
1405376400,1609.8,1
1405377000,1602.8,1
1405377600,1598.7,1
1405378200,1594.9,1
1405378800,954.6,1
1405379400,207,0
1405380000,310.9,0
1405380600,1579.6,1
1405381200,1205.3,0
1405381800,290.1,0
1405382400,320.2,1
1405383000,749.4,1
1405383600,1606.2,1
1405384200,1074,0
1405384800,254,0
1405385400,229.6,0
1405386000,151.5,0
1405386600,994.8,1
1405387200,1144.3,1
1405387800,152,0
1405388400,151.9,0
1405389000,152.1,0
1405389600,152.3,0
1405390200,1441.8,0
1405390800,197.6,0
1405391400,1355.5,1
1405392000,214.5,0
1405392600,152.5,0
1405393200,741.4,1
1405393800,961.8,1
1405394400,210,0
1405395000,152,0
1405395600,152.1,0
1405396200,152.4,0
1405396800,152.2,0
1405397400,152.9,0
1405398000,252.6,0
1405398600,260.9,0
1405399200,1382.7,1
1405399800,851.5,1
1405400400,254.8,0
1405401000,254.7,0
1405401600,174.9,0
1405402200,151.5,0
1405402800,152,0
1405403400,152.7,0
1405404000,152.1,0
1405404600,152.6,0
1405405200,378.8,0
1405405800,1386.6,1
1405406400,239.2,0
1405407000,152.6,0
1405407600,152.3,0
1405408200,153.6,0
1405408800,152.7,0
1405409400,152.1,0
1405410000,152.8,0
1405410600,153.5,0
1405411200,153.1,0
1405411800,153.2,0
1405412400,157,0
1405413000,489.5,1
1405413600,1152.9,1
1405414200,295.4,0
1405414800,291.6,0
1405415400,513.8,1
1405416000,2297.7,1
1405416600,1501.7,1
1405417200,1406.3,1
1405417800,397.6,0
1405418400,230.4,0
1405419000,239.3,0
1405419600,241.1,0
1405420200,210.2,0
1405420800,317.6,0
1405421400,1314,1
1405422000,1642.1,1
1405422600,377,0
1405423200,334.4,0
1405423800,281.1,0
1405424400,241.9,0
1405425000,212.2,0
1405425600,581.6,0
1405426200,1565.5,1
1405426800,945.7,1
1405427400,191.9,0
1405428000,192.6,0
1405428600,187.7,0
1405429200,1467,0
1405429800,1695.3,1
1405430400,1331.6,1
1405431000,336.6,0
1405431600,257,0
1405432200,333.1,0
1405432800,1711.4,1
1405433400,1466.6,1
1405434000,252.8,0
1405434600,146.2,0
1405435200,507.5,0
1405435800,1618.6,0
1405436400,1397.5,0
1405437000,576.4,0
1405437600,2148.7,0
1405438200,1715.9,1
1405438800,825.2,0
1405439400,336.5,0
1405440000,1482.3,0
1405440600,1795.2,0
1405441200,1799.7,0
1405441800,554.9,0
1405442400,398.3,0
1405443000,250,0
1405443600,631.6,0
1405444200,1700.1,0
1405444800,1696.6,1
1405445400,663.6,1
1405446000,230.8,0
1405446600,262.6,0
1405447200,174.9,0
1405447800,588.8,0
1405448400,1574.6,1
1405449000,514.3,0
1405449600,146.6,0
1405450200,147,0
1405450800,294.2,0
1405451400,1655.3,0
1405452000,1353.8,1
1405452600,370.3,0
1405453200,195.3,0
1405453800,146.4,0
1405454400,149.6,0
1405455000,820.6,0
1405455600,1468.8,1
1405456200,472.2,1
1405456800,1514.3,1
1405457400,318.7,0
1405458000,379.6,0
1405458600,359.1,0
1405459200,1243.2,1
1405459800,1618.7,1
1405460400,501.2,0
1405461000,370.4,0
1405461600,255.9,0
1405462200,192.1,0
1405462800,193.9,0
1405463400,191.4,0
1405464000,440.2,1
1405464600,1408.8,1
1405465200,582,1
1405465800,189.9,0
1405466400,168.3,0
1405467000,170.2,0
1405467600,285.6,0
1405468200,268.8,0
1405468800,898.2,1
1405469400,1190.7,1
1405470000,241.2,0
1405470600,249.2,0
1405471200,162.6,0
1405471800,154.8,0
1405472400,153.4,0
1405473000,153.1,0
1405473600,153.3,0
1405474200,153.4,0
1405474800,218.6,0
1405475400,158.2,0
1405476000,584.7,1
1405476600,1204.5,0
1405477200,164.7,0
1405477800,153.8,0
1405478400,178,0
1405479000,179.4,0
1405479600,174.1,0
1405480200,174.5,0
1405480800,177.9,0
1405481400,174.8,0
1405482000,1531.5,1
1405482600,312.4,0
1405483200,304.9,1
1405483800,299,0
1405484400,1458.9,1
1405485000,413.4,0
1405485600,198.9,0
1405486200,196.9,0
1405486800,195.3,0
1405487400,234.1,0
1405488000,202,0
1405488600,176,0
1405489200,174.6,0
1405489800,176.2,0
1405490400,177.6,0
1405491000,174.3,0
1405491600,174.5,0
1405492200,174,0
1405492800,175.1,0
1405493400,174.1,0
1405494000,192.5,0
1405494600,292.4,0
1405495200,288,0
1405495800,281.8,0
1405496400,1347.6,1
1405497000,1291,1
1405497600,187.8,0
1405498200,177.3,0
1405498800,174.3,0
1405499400,173.5,0
1405500000,174.8,0
1405500600,232.2,0
1405501200,173.5,0
1405501800,174,0
1405502400,854.8,0
1405503000,1377.7,0
1405503600,254.1,0
1405504200,206,0
1405504800,248,0
1405505400,260.5,0
1405506000,251.6,0
1405506600,1046.4,1
1405507200,2327.4,1
1405507800,463.2,0
1405508400,344.6,0
1405509000,1269.3,1
1405509600,1711,1
1405510200,770.9,0
1405510800,175.4,0
1405511400,168.5,0
1405512000,167.6,0
1405512600,168,0
1405513200,1607.4,1
1405513800,1596.4,1
1405514400,844.8,1
1405515000,170.9,0
1405515600,217.3,0
1405516200,324,0
1405516800,1623.7,1
1405517400,1632.1,1
1405518000,1003.4,0
1405518600,224.9,0
1405519200,285.5,0
1405519800,1304.2,1
1405520400,1644.3,1
1405521000,1819.9,1
1405521600,546.5,0
1405522200,239.2,0
1405522800,171.9,0
1405523400,1574.5,0
1405524000,1699.4,0
1405524600,1130.7,1
1405525200,177.1,0
1405525800,173.7,0
1405526400,577.6,0
1405527000,1735.6,0
1405527600,1807.3,0
1405528200,1628.3,1
1405528800,463,0
1405529400,1413,1
1405530000,1149.4,0
1405530600,1939.9,0
1405531200,1934.5,1
1405531800,1921.6,1
1405532400,1845,1
1405533000,798.8,0
1405533600,300,0
1405534200,311.9,0
1405534800,1103.1,1
1405535400,1673.3,0
1405536000,1616.2,1
1405536600,665.3,0
1405537200,182.6,0
1405537800,179,0
1405538400,179.4,0
1405539000,396.8,0
1405539600,1684.7,1
1405540200,1031.7,1
1405540800,313.4,0
1405541400,296.6,0
1405542000,1510.8,1
1405542600,1557.7,1
1405543200,907.4,1
1405543800,307.8,0
1405544400,305.7,0
1405545000,296.9,0
1405545600,283.7,0
1405546200,1402.4,1
1405546800,1358.9,1
1405547400,203.9,0
1405548000,185.2,0
1405548600,186.9,0
1405549200,187.5,0
1405549800,181.5,0
1405550400,885.6,1
1405551000,1332.6,0
1405551600,293.8,0
1405552200,281.7,0
1405552800,330.6,0
1405553400,339.9,0
1405554000,368.7,0
1405554600,1575.6,1
1405555200,964.6,1
1405555800,178.6,0
1405556400,1389.5,1
1405557000,154.7,0
1405557600,159.7,0
1405558200,155.3,0
1405558800,156.4,0
1405559400,518.4,0
1405560000,1452.7,1
1405560600,236.1,0
1405561200,156.7,0
1405561800,171.1,0
1405562400,156.5,0
1405563000,155.5,0
1405563600,155.7,0
1405564200,156.5,0
1405564800,176,0
1405565400,157.6,0
1405566000,156.1,0
1405566600,156.2,0
1405567200,155.9,0
1405567800,254.8,0
1405568400,804.1,1
1405569000,1085.3,1
1405569600,260.6,0
1405570200,257.7,0
1405570800,155.8,0
1405571400,347.6,0
1405572000,1440.1,1
1405572600,285.7,0
1405573200,156.3,0
1405573800,155.6,0
1405574400,155.4,0
1405575000,155,0
1405575600,154.9,0
1405576200,156,0
1405576800,155.7,0
1405577400,155.7,0
1405578000,155.7,0
1405578600,155,0
1405579200,154.9,0
1405579800,157.4,0
1405580400,395.6,1
1405581000,1044.3,1
1405581600,1559.1,1
1405582200,264.1,0
1405582800,261.8,0
1405583400,260.6,0
1405584000,258,0
1405584600,156.3,0
1405585200,1300.4,1
1405585800,482.3,1
1405586400,159.2,0
1405587000,156.9,0
1405587600,159.3,0
1405588200,163.6,0
1405588800,167.3,0
1405589400,158.8,0
1405590000,1508.3,1
1405590600,922.6,1
1405591200,158.7,0
1405591800,201.5,0
1405592400,167.6,0
1405593000,455.1,0
1405593600,563.4,0
1405594200,1691.9,1
1405594800,1677.9,1
1405595400,666.4,0
1405596000,270,0
1405596600,231.1,0
1405597200,151.3,0
1405597800,809.1,1
1405598400,1539.7,1
1405599000,1284.7,0
1405599600,156.5,0
1405600200,150.3,0
1405600800,158.4,0
1405601400,718.4,0
1405602000,1259.2,1
1405602600,1554,1
1405603200,299,0
1405603800,147,0
1405604400,404.7,0
1405605000,1638.7,1
1405605600,1247.3,1
1405606200,335.1,0
1405606800,262,0
1405607400,1609.2,1
1405608000,1196.5,0
1405608600,178.7,0
1405609200,228.2,0
1405609800,1668,0
1405610400,1611.1,0
1405611000,733.1,1
1405611600,263.3,0
1405612200,259.9,0
1405612800,922.3,0
1405613400,1796.5,0
1405614000,1900.2,0
1405614600,1099,1
1405615200,359.2,0
1405615800,334.5,0
1405616400,303.7,0
1405617000,2032.7,0
1405617600,2441.9,1
1405618200,1338.9,1
1405618800,269.8,0
1405619400,227.2,0
1405620000,284.7,0
1405620600,229,0
1405621200,1236,1
1405621800,1688.5,0
1405622400,1163.8,1
1405623000,254.7,0
1405623600,270.4,0
1405624200,286.6,0
1405624800,1371.1,1
1405625400,1693.8,1
1405626000,913,1
1405626600,341.2,0
1405627200,361.6,0
1405627800,315,0
1405628400,938.8,1
1405629000,1565.1,1
1405629600,1524.7,1
1405630200,310.2,0
1405630800,170.2,0
1405631400,168.7,0
1405632000,227.2,0
1405632600,168.8,0
1405633200,169,0
1405633800,170.8,0
1405634400,169.1,0
1405635000,1364.1,0
1405635600,569.5,0
1405636200,190,0
1405636800,188.8,0
1405637400,191.2,0
1405638000,189.8,0
1405638600,168.2,0
1405639200,169.2,0
1405639800,952.8,1
1405640400,1426.3,0
1405641000,735,1
1405641600,261.8,0
1405642200,259.7,0
1405642800,217.6,0
1405643400,640.3,1
1405644000,1001.3,1
1405644600,154,0
1405645200,151.2,0
1405645800,150.3,0
1405646400,148.7,0
1405647000,148,0
1405647600,148.1,0
1405648200,163.3,0
1405648800,148.3,0
1405649400,148.6,0
1405650000,634.9,1
1405650600,1188.2,1
1405651200,183.3,0
1405651800,150.5,0
1405652400,170.8,0
1405653000,263.7,0
1405653600,259.4,0
1405654200,255.9,0
1405654800,254.4,0
1405655400,254.4,0
1405656000,223.2,0
1405656600,207.5,0
1405657200,149.2,0
1405657800,149.3,0
1405658400,148.9,0
1405659000,156.5,0
1405659600,151.3,0
1405660200,152.5,0
1405660800,151.5,0
1405661400,1244.7,1
1405662000,294.6,0
1405662600,148.9,0
1405663200,148.3,0
1405663800,148.1,0
1405664400,148.4,0
1405665000,148,0
1405665600,170,0
1405666200,263.3,0
1405666800,258.2,0
1405667400,255.1,0
1405668000,253.7,0
1405668600,983.5,1
1405669200,1511.5,1
1405669800,414.1,1
1405670400,1427.8,1
1405671000,148.1,0
1405671600,148.4,0
1405672200,147.6,0
1405672800,148.1,0
1405673400,149.2,0
1405674000,148.7,0
1405674600,148.1,0
1405675200,148.4,0
1405675800,148,0
1405676400,148,0
1405677000,148.8,0
1405677600,159.6,0
1405678200,728.4,0
1405678800,639.5,1
1405679400,1052.1,1
1405680000,1601.1,1
1405680600,899.1,0
1405681200,289.5,0
1405681800,283,0
1405682400,261.9,0
1405683000,174.1,0
1405683600,210.6,0
1405684200,152.4,0
1405684800,671.1,0
1405685400,1393,0
1405686000,556,0
1405686600,170.5,0
1405687200,197.5,0
1405687800,159.4,0
1405688400,148.7,0
1405689000,147.7,0
1405689600,148.5,0
1405690200,1438.3,0
1405690800,147.7,0
1405691400,148.2,0
1405692000,153.7,0
1405692600,262.3,0
1405693200,257.3,0
1405693800,837.5,0
1405694400,1524.1,1
1405695000,760.1,0
1405695600,193.3,0
1405696200,148.2,0
1405696800,148.6,0
1405697400,164.3,0
1405698000,249,0
1405698600,271.5,0
1405699200,299.4,0
1405699800,301.2,0
1405700400,259.1,0
1405701000,250.2,0
1405701600,241.5,0
1405702200,238.2,0
1405702800,235.6,0
1405703400,274.1,0
1405704000,1660.4,0
1405704600,1225.5,1
1405705200,340.2,0
1405705800,335.6,0
1405706400,332.9,0
1405707000,273.6,0
1405707600,272.8,0
1405708200,193.6,0
1405708800,169.1,0
1405709400,861.7,1
1405710000,1198.1,1
1405710600,137.9,0
1405711200,138,0
1405711800,137.6,0
1405712400,137.3,0
1405713000,137.9,0
1405713600,138.6,0
1405714200,138.1,0
1405714800,265.6,0
1405715400,270.8,0
1405716000,271.9,0
1405716600,270.2,0
1405717200,1512.9,1
1405717800,191,0
1405718400,201.2,0
1405719000,375.5,0
1405719600,1357.5,1
1405720200,1577.6,1
1405720800,422.9,0
1405721400,327,0
1405722000,325.9,0
1405722600,324.5,0
1405723200,235.3,0
1405723800,223.3,0
1405724400,222.9,0
1405725000,222.8,0
1405725600,177.5,0
1405726200,163.6,0
1405726800,168,0
1405727400,176.1,0
1405728000,186.2,0
1405728600,201.9,0
1405729200,205.9,0
1405729800,1131.1,1
1405730400,892.3,1
1405731000,182.2,0
1405731600,181.8,0
1405732200,178.7,0
1405732800,175,0
1405733400,236.7,0
1405734000,284.4,0
1405734600,336.7,1
1405735200,284.5,0
1405735800,276.7,0
1405736400,276.4,0
1405737000,275,0
1405737600,203.2,0
1405738200,174,0
1405738800,172.5,0
1405739400,171,0
1405740000,171.8,0
1405740600,171,0
1405741200,171,0
1405741800,171.6,0
1405742400,172.3,0
1405743000,171,0
1405743600,171.8,0
1405744200,1469.7,1
1405744800,171.4,0
1405745400,171.9,0
1405746000,172.9,0
1405746600,171.7,0
1405747200,171.8,0
1405747800,171.9,0
1405748400,171.8,0
1405749000,207.7,0
1405749600,286.2,0
1405750200,285.5,0
1405750800,278.7,0
1405751400,276.2,0
1405752000,275,0
1405752600,200.3,0
1405753200,172.9,0
1405753800,171.2,0
1405754400,171.5,0
1405755000,171,0
1405755600,172.6,0
1405756200,171.5,0
1405756800,171.9,0
1405757400,170.9,0
1405758000,171.4,0
1405758600,170.9,0
1405759200,171.3,0
1405759800,330.9,1
1405760400,1405.2,1
1405761000,436.9,1
1405761600,171.1,0
1405762200,170.9,0
1405762800,171.9,0
1405763400,202.6,0
1405764000,272.8,0
1405764600,276.2,0
1405765200,762.3,0
1405765800,1582.6,0
1405766400,925,0
1405767000,283,0
1405767600,289,0
1405768200,323.8,0
1405768800,243.9,0
1405769400,326.5,0
1405770000,1631.9,1
1405770600,2483.2,1
1405771200,355.7,0
1405771800,303,0
1405772400,330.2,0
1405773000,543.5,0
1405773600,1571.4,1
1405774200,1339.7,0
1405774800,449.7,0
1405775400,306.4,0
1405776000,313.9,0
1405776600,308.9,0
1405777200,833.2,0
1405777800,1578.8,0
1405778400,1524.2,0
1405779000,599.5,1
1405779600,209.6,0
1405780200,203,0
1405780800,202.2,0
1405781400,201.7,0
1405782000,200.5,0
1405782600,1092.4,0
1405783200,1571.1,1
1405783800,1573.9,1
1405784400,416.7,0
1405785000,179.6,0
1405785600,224.7,0
1405786200,287.2,0
1405786800,263.5,0
1405787400,1250.7,0
1405788000,1655.9,1
1405788600,1343.7,0
1405789200,146.3,0
1405789800,146.9,0
1405790400,147.2,0
1405791000,146.8,0
1405791600,146.9,0
1405792200,147.4,0
1405792800,147.1,0
1405793400,1047.1,0
1405794000,2579.7,1
1405794600,1620.4,0
1405795200,223.8,0
1405795800,147.8,0
1405796400,148.4,0
1405797000,1502.4,1
1405797600,595.2,0
1405798200,149,0
1405798800,193.5,0
1405799400,692.8,0
1405800000,1666.3,1
1405800600,774.5,1
1405801200,281.8,0
1405801800,275,0
1405802400,282.1,0
1405803000,291.2,0
1405803600,1484,1
1405804200,584.2,0
1405804800,215.6,0
1405805400,169.7,0
1405806000,306,0
1405806600,1461.3,1
1405807200,1207.2,1
1405807800,342.5,0
1405808400,320.5,0
1405809000,308.2,0
1405809600,454.1,0
1405810200,507.6,0
1405810800,1673.1,1
1405811400,1369.6,1
1405812000,280.2,0
1405812600,194.8,0
1405813200,179.1,0
1405813800,171.8,0
1405814400,161.9,0
1405815000,157.1,0
1405815600,155.7,0
1405816200,153.4,0
1405816800,153.2,0
1405817400,153.5,0
1405818000,153,0
1405818600,154,0
1405819200,153.5,0
1405819800,152.8,0
1405820400,152.6,0
1405821000,159.5,0
1405821600,1418.8,1
1405822200,176.4,0
1405822800,190.1,0
1405823400,288.7,0
1405824000,855,1
1405824600,1355.1,1
1405825200,339.3,0
1405825800,259.9,0
1405826400,157.3,0
1405827000,153.4,0
1405827600,153.4,0
1405828200,154.8,0
1405828800,153.7,0
1405829400,155,0
1405830000,154.5,0
1405830600,153.3,0
1405831200,153.2,0
1405831800,154.2,0
1405832400,153.4,0
1405833000,154.7,0
1405833600,154.1,0
1405834200,153.3,0
1405834800,153.3,0
1405835400,153.8,0
1405836000,221.8,0
1405836600,267,0
1405837200,324.7,0
1405837800,262.4,0
1405838400,260.1,0
1405839000,1262.1,1
1405839600,944.6,1
1405840200,154.6,0
1405840800,153.7,0
1405841400,153,0
1405842000,154.8,0
1405842600,155.6,0
1405843200,155.4,0
1405843800,155.3,0
1405844400,153.6,0
1405845000,155.2,0
1405845600,157,0
1405846200,153.8,0
1405846800,1438.6,1
1405847400,154.2,0
1405848000,153.6,0
1405848600,152.8,0
1405849200,214.2,0
1405849800,828.1,1
1405850400,1673.6,1
1405851000,890.2,0
1405851600,517.6,0
1405852200,273.1,0
1405852800,208.8,0
1405853400,228.6,0
1405854000,1565.2,0
1405854600,1224,0
1405855200,154.8,0
1405855800,165.6,0
1405856400,163.8,0
1405857000,172.4,0
1405857600,723.4,0
1405858200,1596.7,1
1405858800,987.6,0
1405859400,258.5,0
1405860000,256.9,0
1405860600,350.6,0
1405861200,1269.9,1
1405861800,1513.4,1
1405862400,245.8,0
1405863000,146,0
1405863600,608.1,0
1405864200,1656.8,0
1405864800,1555.1,0
1405865400,147,0
1405866000,149.5,0
1405866600,181.9,0
1405867200,1383.1,1
1405867800,1692,1
1405868400,1702.3,1
1405869000,330.6,0
1405869600,167.2,0
1405870200,796.6,0
1405870800,1680.6,1
1405871400,2922.4,1
1405872000,641.6,0
1405872600,256.6,0
1405873200,263.5,0
1405873800,1396.3,1
1405874400,1794.9,1
1405875000,1789.5,1
1405875600,2441.2,1
1405876200,1096.1,1
1405876800,161.1,0
1405877400,162.1,0
1405878000,150.2,0
1405878600,1445.6,1
1405879200,1674.2,1
1405879800,1660.5,1
1405880400,356,0
1405881000,191.6,0
1405881600,232.8,0
1405882200,750.9,0
1405882800,1723,1
1405883400,1668.1,1
1405884000,904.4,0
1405884600,169.9,0
1405885200,233.2,0
1405885800,638.4,0
1405886400,1851.5,1
1405887000,1803.2,1
1405887600,1183.7,1
1405888200,348.6,0
1405888800,218.4,0
1405889400,235.1,0
1405890000,1611.9,1
1405890600,1348.2,1
1405891200,318.2,0
1405891800,171.6,0
1405892400,170.3,0
1405893000,170.4,0
1405893600,2270.9,1
1405894200,1562.7,0
1405894800,299.8,0
1405895400,179.1,0
1405896000,209.4,0
1405896600,237,0
1405897200,244.6,0
1405897800,1137.3,1
1405898400,1696.6,1
1405899000,667.9,0
1405899600,355.4,0
1405900200,281.3,0
1405900800,569.8,0
1405901400,1552.7,1
1405902000,501.9,1
1405902600,157.4,0
1405903200,153.9,0
1405903800,154.7,0
1405904400,154.7,0
1405905000,152.6,0
1405905600,154.3,0
1405906200,1183,1
1405906800,514.3,1
1405907400,153.6,0
1405908000,154.4,0
1405908600,179.5,0
1405909200,716.7,1
1405909800,1044.9,1
1405910400,230.4,0
1405911000,213.2,0
1405911600,286.2,0
1405912200,285.8,0
1405912800,348.8,1
1405913400,675.2,1
1405914000,1513.6,1
1405914600,335.7,0
1405915200,172.7,0
1405915800,158.9,0
1405916400,154.4,0
1405917000,152.7,0
1405917600,152.5,0
1405918200,153.8,0
1405918800,152.3,0
1405919400,152.1,0
1405920000,153.9,0
1405920600,981.8,1
1405921200,1198.6,1
1405921800,152.9,0
1405922400,152,0
1405923000,152.1,0
1405923600,154,0
1405924200,1174.3,1
1405924800,646,1
1405925400,261.1,0
1405926000,316.9,0
1405926600,258.1,0
1405927200,259.9,0
1405927800,212.3,0
1405928400,154.5,0
1405929000,1436.1,1
1405929600,413.3,0
1405930200,153,0
1405930800,154,0
1405931400,152.4,0
1405932000,152.7,0
1405932600,153,0
1405933200,152.4,0
1405933800,938.5,1
1405934400,1192.7,0
1405935000,167.5,0
1405935600,181.5,0
1405936200,170.2,0
1405936800,1257.3,1
1405937400,1005.7,1
1405938000,268.2,0
1405938600,382.4,0
1405939200,361.2,0
1405939800,1465.5,0
1405940400,1766,0
1405941000,957.2,0
1405941600,236.7,0
1405942200,227.9,0
1405942800,227.8,0
1405943400,730.1,1
1405944000,1705.5,1
1405944600,1949.7,0
1405945200,675.6,0
1405945800,250.8,0
1405946400,168.2,0
1405947000,1056.8,1
1405947600,1809.4,1
1405948200,1808.5,1
1405948800,1365.2,0
1405949400,308.7,0
1405950000,250.6,0
1405950600,216.7,0
1405951200,1080.1,1
1405951800,1712.3,1
1405952400,1270.7,1
1405953000,173,0
1405953600,170.2,0
1405954200,458.8,0
1405954800,1732.1,1
1405955400,1728.9,0
1405956000,917.8,0
1405956600,1251.5,1
1405957200,550.1,1
1405957800,834.9,1
1405958400,1823.5,0
1405959000,1938.8,0
1405959600,1941.2,0
1405960200,765.9,0
1405960800,408,0
1405961400,750.9,1
1405962000,2008.4,1
1405962600,1899.8,0
1405963200,1984.1,0
1405963800,1904.6,1
1405964400,1732.7,1
1405965000,335.1,0
1405965600,279.9,0
1405966200,756.6,1
1405966800,1828.1,1
1405967400,1807.7,0
1405968000,1219.5,0
1405968600,266.5,0
1405969200,268.7,0
1405969800,1283.8,1
1405970400,1787.2,1
1405971000,663.5,1
1405971600,154.5,0
1405972200,899.2,0
1405972800,1681.7,1
1405973400,1525.7,1
1405974000,895.5,0
1405974600,208.2,0
1405975200,834.2,0
1405975800,1654.2,1
1405976400,1060.7,1
1405977000,281.7,0
1405977600,370.2,0
1405978200,292.2,0
1405978800,1532.2,0
1405979400,1614.8,1
1405980000,464.4,0
1405980600,184.2,0
1405981200,172.6,0
1405981800,181,0
1405982400,424.1,0
1405983000,1618.2,0
1405983600,921.1,1
1405984200,163.5,0
1405984800,165.2,0
1405985400,446.8,0
1405986000,1475.8,0
1405986600,212.1,0
1405987200,158.2,0
1405987800,160.8,0
1405988400,160,0
1405989000,213,0
1405989600,470.6,1
1405990200,1608.9,1
1405990800,864.8,1
1405991400,257.3,0
1405992000,199.3,0
1405992600,153.8,0
1405993200,176.2,0
1405993800,178.2,0
1405994400,890.1,1
1405995000,956.5,1
1405995600,175.2,0
1405996200,173.9,0
1405996800,158.5,0
1405997400,210.9,0
1405998000,153.8,0
1405998600,933.5,1
1405999200,673,1
1405999800,1394.8,1
1406000400,260.9,0
1406001000,194.7,0
1406001600,266.2,0
1406002200,262.1,0
1406002800,260.8,0
1406003400,259.7,0
1406004000,257.3,0
1406004600,352.2,0
1406005200,1270.2,1
1406005800,307.2,0
1406006400,153.2,0
1406007000,153.7,0
1406007600,152.1,0
1406008200,152.9,0
1406008800,152,0
1406009400,152.1,0
1406010000,153.2,0
1406010600,153.5,0
1406011200,152.1,0
1406011800,152.7,0
1406012400,152.3,0
1406013000,1159.8,1
1406013600,568.3,1
1406014200,297.2,0
1406014800,267.5,0
1406015400,264.1,0
1406016000,661.4,0
1406016600,1118.5,1
1406017200,241.9,0
1406017800,153.5,0
1406018400,367.7,1
1406019000,1234.2,1
1406019600,274.3,0
1406020200,152.3,0
1406020800,152.9,0
1406021400,377.4,0
1406022000,1511.7,1
1406022600,315.8,0
1406023200,165.8,0
1406023800,955.1,0
1406024400,285.3,0
1406025000,2221.1,1
1406025600,1758.5,1
1406026200,1270.1,0
1406026800,351.8,0
1406027400,356.5,0
1406028000,331.8,0
1406028600,1579,1
1406029200,1533.3,1
1406029800,323.6,0
1406030400,203,0
1406031000,183.6,0
1406031600,1391,0
1406032200,1651.3,1
1406032800,1403.4,1
1406033400,313.8,0
1406034000,219.2,0
1406034600,1334.6,0
1406035200,1597.5,0
1406035800,241.7,0
1406036400,146,0
1406037000,338.5,0
1406037600,1884.3,1
1406038200,1848.8,1
1406038800,983.1,1
1406039400,274,0
1406040000,581.9,0
1406040600,1778.7,1
1406041200,1714.1,1
1406041800,1676.9,0
1406042400,1232.6,0
1406043000,216.4,0
1406043600,142.2,0
1406044200,591.2,0
1406044800,1708.5,0
1406045400,1689.7,0
1406046000,1694.8,0
1406046600,1823.6,1
1406047200,152.8,0
1406047800,192.4,0
1406048400,145.1,0
1406049000,1562.3,0
1406049600,1854.9,0
1406050200,1852.7,0
1406050800,619.9,1
1406051400,280.2,0
1406052000,1366.7,1
1406052600,1752.1,1
1406053200,1708.9,0
1406053800,1495.2,0
1406054400,229.8,0
1406055000,150.1,0
1406055600,235.9,0
1406056200,1660.4,1
1406056800,1657,0
1406057400,792.4,1
1406058000,173.5,0
1406058600,171.6,0
1406059200,171,0
1406059800,169.6,0
1406060400,1548.3,0
1406061000,1153.7,1
1406061600,234.9,0
1406062200,271.8,0
1406062800,1383.2,1
1406063400,1714.7,1
1406064000,1189.9,1
1406064600,288.7,0
1406065200,194.9,0
1406065800,194.4,0
1406066400,910.6,1
1406067000,1108.5,0
1406067600,189.7,0
1406068200,173.1,0
1406068800,569,0
1406069400,1439.6,0
1406070000,267,0
1406070600,159,0
1406071200,162.7,0
1406071800,1421.7,1
1406072400,545.1,0
1406073000,1322.2,1
1406073600,226.7,0
1406074200,258.5,0
1406074800,270.6,0
1406075400,1352,1
1406076000,1269.5,1
1406076600,283.5,0
1406077200,227,0
1406077800,165,0
1406078400,192,0
1406079000,1131,1
1406079600,1071.3,1
1406080200,201.1,0
1406080800,200,0
1406081400,199.9,0
1406082000,194.1,0
1406082600,157.1,0
1406083200,157,0
1406083800,158,0
1406084400,160,0
1406085000,157.7,0
1406085600,157.8,0
1406086200,157,0
1406086800,180.3,0
1406087400,1207.7,1
1406088000,721.4,1
1406088600,280.8,0
1406089200,284.2,0
1406089800,282,0
1406090400,207.7,0
1406091000,178.6,0
1406091600,465.1,1
1406092200,1225.3,1
1406092800,190.8,0
1406093400,158,0
1406094000,155.9,0
1406094600,156.5,0
1406095200,161,0
1406095800,157.5,0
1406096400,156.5,0
1406097000,156,0
1406097600,155.8,0
1406098200,156.5,0
1406098800,1309.4,1
1406099400,288.9,0
1406100000,156.2,0
1406100600,1294.1,1
1406101200,546,1
1406101800,264.4,0
1406102400,262.2,0
1406103000,259.2,0
1406103600,203.5,0
1406104200,1048.3,1
1406104800,1042.7,1
1406105400,156.3,0
1406106000,156.3,0
1406106600,155.5,0
1406107200,156.2,0
1406107800,227.9,0
1406108400,1404.9,0
1406109000,227.3,0
1406109600,157,0
1406110200,860.5,0
1406110800,1297.5,1
1406111400,306.7,0
1406112000,164.4,0
1406112600,276.8,0
1406113200,1082.3,0
1406113800,1713.7,1
1406114400,1047.3,1
1406115000,253,0
1406115600,252,0
1406116200,1018.8,1
1406116800,1644.1,1
1406117400,489.5,0
1406118000,166.4,0
1406118600,173.7,0
1406119200,987.4,1
1406119800,1734.7,1
1406120400,845.1,0
1406121000,170.9,0
1406121600,170.5,0
1406122200,169.9,0
1406122800,157.2,0
1406123400,728.3,1
1406124000,881.3,0
1406124600,171.5,0
1406125200,170.4,0
1406125800,169.5,0
1406126400,238.3,0
1406127000,259.1,0
1406127600,313.7,0
1406128200,1837.2,0
1406128800,1883.1,0
1406129400,1902.7,1
1406130000,1866.8,1
1406130600,1854.8,1
1406131200,1873,0
1406131800,1875.3,0
1406132400,1783.6,0
1406133000,398.8,0
1406133600,165.1,0
1406134200,149.9,0
1406134800,149.2,0
1406135400,150.3,0
1406136000,149.6,0
1406136600,149,0
1406137200,149.1,0
1406137800,150.1,0
1406138400,149.2,0
1406139000,150.2,0
1406139600,150.3,0
1406140200,254.2,0
1406140800,257.6,0
1406141400,301.4,0
1406142000,286.1,0
1406142600,277.5,0
1406143200,274.9,0
1406143800,205.1,0
1406144400,204.1,0
1406145000,197.1,0
1406145600,182.5,0
1406146200,183.9,0
1406146800,183.5,0
1406147400,183,0
1406148000,183.1,0
1406148600,183.8,0
1406149200,186.7,0
1406149800,188.5,0
1406150400,184.5,0
1406151000,183.7,0
1406151600,184,0
1406152200,1558.1,1
1406152800,2412.9,1
1406153400,2317.7,1
1406154000,1714.7,1
1406154600,1713.9,1
1406155200,1713.3,1
1406155800,1706.7,0
1406156400,1631.1,1
1406157000,903.4,1
1406157600,178.3,0
1406158200,428.8,0
1406158800,1556,1
1406159400,986,0
1406160000,200.4,0
1406160600,185.1,0
1406161200,1067.4,1
1406161800,1428.9,1
1406162400,192.8,0
1406163000,176.3,0
1406163600,175.7,0
1406164200,774,1
1406164800,961.6,1
1406165400,211.3,0
1406166000,142,0
1406166600,190.9,0
1406167200,254.1,0
1406167800,1021.9,1
1406168400,1468.9,1
1406169000,317.9,0
1406169600,247,0
1406170200,218.8,0
1406170800,142.4,0
1406171400,142.8,0
1406172000,142.2,0
1406172600,778.1,1
1406173200,663.4,0
1406173800,141.7,0
1406174400,142.2,0
1406175000,144.3,0
1406175600,146.4,0
1406176200,142,0
1406176800,150.6,0
1406177400,147.8,0
1406178000,142.6,0
1406178600,1244.9,1
1406179200,385.6,1
1406179800,1441,1
1406180400,145.7,0
1406181000,251.8,0
1406181600,250,0
1406182200,248.3,0
1406182800,752.6,1
1406183400,1381.4,1
1406184000,246,0
1406184600,159.8,0
1406185200,176,0
1406185800,176.2,0
1406186400,175.9,0
1406187000,176,0
1406187600,177,0
1406188200,178,0
1406188800,177.6,0
1406189400,178.9,0
1406190000,177.4,0
1406190600,175.3,0
1406191200,883.9,1
1406191800,967.1,1
1406192400,272.8,0
1406193000,313.5,0
1406193600,288.6,0
1406194200,281,0
1406194800,278.4,0
1406195400,627.2,1
1406196000,1576.6,1
1406196600,1602.5,1
1406197200,453.7,0
1406197800,212.4,0
1406198400,229.5,0
1406199000,284,0
1406199600,265,0
1406200200,266.4,0
1406200800,292.9,0
1406201400,413.9,0
1406202000,1674,1
1406202600,1696,1
1406203200,790.2,0
1406203800,229.4,0
1406204400,221.2,0
1406205000,245,0
1406205600,1514.2,1
1406206200,1827,1
1406206800,1887.7,1
1406207400,1814.7,1
1406208000,1172.7,0
1406208600,324,0
1406209200,303.3,0
1406209800,309.9,0
1406210400,375.2,0
1406211000,1827.8,1
1406211600,1811.6,1
1406212200,1784.7,1
1406212800,1744.4,1
1406213400,721.4,1
1406214000,197.8,0
1406214600,194.4,0
1406215200,598.7,0
1406215800,1746.2,0
1406216400,1815.4,1
1406217000,1818,1
1406217600,1500.3,0
1406218200,405.9,0
1406218800,285.2,0
1406219400,311.6,0
1406220000,956.2,1
1406220600,1929.1,1
1406221200,1915.4,1
1406221800,1919.2,0
1406222400,1885.6,0
1406223000,1824.4,0
1406223600,1169.1,1
1406224200,183.6,0
1406224800,182.7,0
1406225400,182.3,0
1406226000,173,0
1406226600,1388.2,0
1406227200,2718.9,1
1406227800,2045.2,1
1406228400,458.7,0
1406229000,253.5,0
1406229600,253.7,0
1406230200,648.1,0
1406230800,1672.3,1
1406231400,1580.5,1
1406232000,312.5,0
1406232600,284.2,0
1406233200,339.1,0
1406233800,1354.8,0
1406234400,1673.9,1
1406235000,1359.5,1
1406235600,262.2,0
1406236200,176.8,0
1406236800,187.9,0
1406237400,202.2,0
1406238000,200.2,0
1406238600,569.9,1
1406239200,1592.1,1
1406239800,1232.6,0
1406240400,186.5,0
1406241000,169.8,0
1406241600,141.3,0
1406242200,155.4,0
1406242800,180.7,0
1406243400,1250.8,1
1406244000,1065.7,1
1406244600,212.1,0
1406245200,206.5,0
1406245800,191.7,0
1406246400,306.8,0
1406247000,479.6,1
1406247600,1614,1
1406248200,973.5,1
1406248800,339.8,0
1406249400,285.7,0
1406250000,287.8,0
1406250600,162.7,0
1406251200,209.9,0
1406251800,2594.9,1
1406252400,228.4,0
1406253000,155.4,0
1406253600,182.6,0
1406254200,179.8,0
1406254800,275.6,0
1406255400,1342.5,1
1406256000,322,0
1406256600,178.9,0
1406257200,177.1,0
1406257800,157.4,0
1406258400,159.3,0
1406259000,166.9,0
1406259600,155.3,0
1406260200,155.2,0
1406260800,156.6,0
1406261400,174,0
1406262000,269.9,0
1406262600,264.7,0
1406263200,332.6,0
1406263800,541,1
1406264400,1540.5,1
1406265000,793.2,1
1406265600,198,0
1406266200,158.6,0
1406266800,155,0
1406267400,155.4,0
1406268000,156.2,0
1406268600,155.4,0
1406269200,158.8,0
1406269800,158.2,0
1406270400,155.9,0
1406271000,155.5,0
1406271600,156.5,0
1406272200,155.2,0
1406272800,156.8,0
1406273400,158.2,0
1406274000,156.8,0
1406274600,458,0
1406275200,1334.6,1
1406275800,208.1,0
1406276400,191.4,0
1406277000,290.3,0
1406277600,306.5,0
1406278200,1829.4,1
1406278800,1352.3,1
1406279400,288.1,0
1406280000,258.7,0
1406280600,1022.5,1
1406281200,1160.1,0
1406281800,142,0
1406282400,151.7,0
1406283000,150.2,0
1406283600,192.6,0
1406284200,179.5,0
1406284800,1215.9,1
1406285400,655.9,0
1406286000,167.8,0
1406286600,1487.3,1
1406287200,1297.4,1
1406287800,178.6,0
1406288400,285.7,0
1406289000,677,0
1406289600,1795.7,0
1406290200,964,0
1406290800,272.8,0
1406291400,263.7,0
1406292000,1260.2,1
1406292600,1716.1,0
1406293200,1110.2,0
1406293800,178.2,0
1406294400,1273,0
1406295000,1357.2,1
1406295600,569.8,1
1406296200,574.2,0
1406296800,1955.4,0
1406297400,1849.5,0
1406298000,1559.3,1
1406298600,392.6,0
1406299200,331.8,0
1406299800,254.5,0
1406300400,253.4,0
1406301000,1247,0
1406301600,3008.1,1
1406302200,1747.6,0
1406302800,469,0
1406303400,169.6,0
1406304000,170.3,0
1406304600,169.2,0
1406305200,168.9,0
1406305800,170.8,0
1406306400,158.5,0
1406307000,146.8,0
1406307600,146.5,0
1406308200,1337.1,0
1406308800,1737.2,0
1406309400,1819.3,0
1406310000,1807.9,1
1406310600,1828.4,1
1406311200,1870.1,1
1406311800,2341,1
1406312400,596.4,0
1406313000,149.6,0
1406313600,147.5,0
1406314200,147.1,0
1406314800,1506.6,1
1406315400,1686.3,1
1406316000,1684.5,1
1406316600,304.2,0
1406317200,147.1,0
1406317800,147,0
1406318400,942,1
1406319000,1743,1
1406319600,1796.3,1
1406320200,985.1,1
1406320800,368.1,0
1406321400,263.3,0
1406322000,266,0
1406322600,996.3,1
1406323200,1675,1
1406323800,376.9,0
1406324400,286.1,0
1406325000,295.5,0
1406325600,643,0
1406326200,1670.3,0
1406326800,843.3,1
1406327400,273.4,0
1406328000,264.5,0
1406328600,1637.2,1
1406329200,911,0
1406329800,1748.8,0
1406330400,1113,1
1406331000,370.1,0
1406331600,226.7,0
1406332200,190.2,0
1406332800,1229.6,1
1406333400,1321.3,1
1406334000,177.1,0
1406334600,185,0
1406335200,185.6,0
1406335800,176.2,0
1406336400,176.4,0
1406337000,173.8,0
1406337600,1112.6,1
1406338200,841.4,0
1406338800,158,0
1406339400,163.9,0
1406340000,272.4,0
1406340600,266.6,0
1406341200,263,0
1406341800,289.1,0
1406342400,271.3,0
1406343000,539.6,1
1406343600,1473.7,1
1406344200,529.6,1
1406344800,230.2,0
1406345400,176.7,0
1406346000,176,0
1406346600,174.7,0
1406347200,174.5,0
1406347800,173,0
1406348400,172.8,0
1406349000,160.8,0
1406349600,153.2,0
1406350200,153.1,0
1406350800,154.1,0
1406351400,227.9,0
1406352000,264.5,0
1406352600,427.6,1
1406353200,1529.9,1
1406353800,573.9,1
1406354400,198.2,0
1406355000,1055.2,1
1406355600,559.7,1
1406356200,155.8,0
1406356800,153.2,0
1406357400,153.4,0
1406358000,154.2,0
1406358600,153.2,0
1406359200,211.5,0
1406359800,156,0
1406360400,154.6,0
1406361000,309.1,0
1406361600,1457.3,1
1406362200,202.5,0
1406362800,156.2,0
1406363400,263.7,0
1406364000,263,0
1406364600,260.1,0
1406365200,1131.8,0
1406365800,1285.2,1
1406366400,286.2,0
1406367000,176.7,0
1406367600,179.1,0
1406368200,488.8,1
1406368800,157.3,0
1406369400,154.6,0
1406370000,704.3,0
1406370600,1596.6,1
1406371200,833.4,1
1406371800,1343.1,1
1406372400,632.2,0
1406373000,351.2,0
1406373600,1758.1,1
1406374200,1767.1,1
1406374800,1850.2,1
1406375400,610.8,0
1406376000,253.3,0
1406376600,170.4,0
1406377200,180.4,0
1406377800,2115.7,1
1406378400,601.9,0
1406379000,1707.2,0
1406379600,1204.6,0
1406380200,216,0
1406380800,211,0
1406381400,1170.1,1
1406382000,1756.5,1
1406382600,1442,0
1406383200,190.3,0
1406383800,148.3,0
1406384400,149,0
1406385000,277.8,0
1406385600,2021,1
1406386200,3073.1,1
1406386800,1952.8,1
1406387400,1871.3,1
1406388000,271.6,0
1406388600,155.3,0
1406389200,160.6,0
1406389800,872.7,0
1406390400,1799.6,1
1406391000,1389.9,1
1406391600,168.5,0
1406392200,169.7,0
1406392800,1191.5,1
1406393400,1796,1
1406394000,775,1
1406394600,170.6,0
1406395200,169,0
1406395800,154.8,0
1406396400,147.1,0
1406397000,572,0
1406397600,1741.1,0
1406398200,1739.7,0
1406398800,1840.2,1
1406399400,1847.9,1
1406400000,1243.5,1
1406400600,307,0
1406401200,278.4,0
1406401800,1221.8,0
1406402400,1702.5,1
1406403000,1468.2,1
1406403600,291.4,0
1406404200,162.4,0
1406404800,151.3,0
1406405400,148.8,0
1406406000,1494.1,1
1406406600,1620.5,1
1406407200,311.1,0
1406407800,167.5,0
1406408400,1523.1,0
1406409000,286.3,0
1406409600,1220.5,1
1406410200,1759,1
1406410800,1533.6,1
1406411400,396.4,0
1406412000,371.5,0
1406412600,367.8,0
1406413200,266.8,0
1406413800,1566,1
1406414400,1258.5,1
1406415000,305.2,0
1406415600,269.2,0
1406416200,268.7,0
1406416800,267.9,0
1406417400,377,0
1406418000,1627.5,1
1406418600,1201.4,1
1406419200,308.9,0
1406419800,286.3,0
1406420400,295.1,0
1406421000,236.7,0
1406421600,1198.9,1
1406422200,925.8,1
1406422800,257.1,0
1406423400,334.8,0
1406424000,310.9,0
1406424600,284,0
1406425200,1318.7,1
1406425800,713,1
1406426400,196.7,0
1406427000,157.4,0
1406427600,156.5,0
1406428200,167.8,0
1406428800,812.9,1
1406429400,1040.9,1
1406430000,177,0
1406430600,176,0
1406431200,175.8,0
1406431800,168.7,0
1406432400,155.4,0
1406433000,1416.3,1
1406433600,157,0
1406434200,156.3,0
1406434800,987,1
1406435400,448.8,1
1406436000,208.5,0
1406436600,327.6,1
1406437200,267.8,0
1406437800,264,0
1406438400,1069.3,1
1406439000,1022.3,1
1406439600,254.2,0
1406440200,156.9,0
1406440800,157.3,0
1406441400,156,0
1406442000,156.8,0
1406442600,157.6,0
1406443200,363.4,0
1406443800,583.2,1
1406444400,268.8,0
1406445000,274.2,0
1406445600,352.4,1
1406446200,1544.7,1
1406446800,819.3,1
1406447400,317.4,0
1406448000,266.2,0
1406448600,262.7,0
1406449200,196.4,0
1406449800,162.8,0
1406450400,1406.9,1
1406451000,515.4,0
1406451600,157.2,0
1406452200,155.3,0
1406452800,155.1,0
1406453400,156.1,0
1406454000,155.1,0
1406454600,1255.6,1
1406455200,934.5,1
1406455800,858.4,0
1406456400,421,0
1406457000,249.3,0
1406457600,698.1,0
1406458200,2122.1,1
1406458800,2753.2,1
1406459400,572.8,0
1406460000,329.2,0
1406460600,288.8,0
1406461200,270.9,0
1406461800,262.7,0
1406462400,277.7,0
1406463000,1650.9,1
1406463600,1701.9,1
1406464200,1725.4,1
1406464800,1046,0
1406465400,188.1,0
1406466000,188.5,0
1406466600,204,0
1406467200,206.6,0
1406467800,180.9,0
1406468400,1412,1
1406469000,1565.7,0
1406469600,260.7,0
1406470200,261.2,0
1406470800,1037.8,1
1406471400,1890,1
1406472000,1892.9,1
1406472600,1869.5,1
1406473200,1091.3,1
1406473800,169.5,0
1406474400,168.4,0
1406475000,170.1,0
1406475600,168.2,0
1406476200,1086.4,0
1406476800,1844.8,0
1406477400,1782.9,1
1406478000,1407.7,1
1406478600,260.1,0
1406479200,279.2,0
1406479800,1429.1,0
1406480400,1916.1,1
1406481000,1700.5,1
1406481600,333.8,1
1406482200,1460.3,1
1406482800,199.1,0
1406483400,1576.7,1
1406484000,1919.5,1
1406484600,1758.5,0
1406485200,523.2,0
1406485800,171.2,0
1406486400,203.9,0
1406487000,310.4,0
1406487600,1775.9,1
1406488200,1742.8,1
1406488800,1734.3,0
1406489400,274.9,0
1406490000,272.4,0
1406490600,296,0
1406491200,1347.6,1
1406491800,1792.5,1
1406492400,1811.4,0
1406493000,593.4,0
1406493600,350,0
1406494200,216.9,0
1406494800,1525.9,1
1406495400,936.6,1
1406496000,203.5,0
1406496600,213.7,0
1406497200,208.3,0
1406497800,668.5,0
1406498400,1638.2,0
1406499000,697.8,0
1406499600,215.2,0
1406500200,213.7,0
1406500800,1488.6,1
1406501400,217,0
1406502000,1240.5,1
1406502600,1405.8,1
1406503200,238.5,0
1406503800,174.3,0
1406504400,298.3,0
1406505000,290.1,0
1406505600,1423.3,1
1406506200,1224.5,1
1406506800,295,0
1406507400,240,0
1406508000,154.1,0
1406508600,154.1,0
1406509200,157,0
1406509800,154.4,0
1406510400,348.7,0
1406511000,1469.7,1
1406511600,374.6,0
1406512200,175.6,0
1406512800,179.4,0
1406513400,175.6,0
1406514000,174.8,0
1406514600,548.1,0
1406515200,1036.4,1
1406515800,266.6,0
1406516400,265.8,0
1406517000,261.6,0
1406517600,259.9,0
1406518200,398.7,0
1406518800,1402.2,1
1406519400,288.9,0
1406520000,157.3,0
1406520600,156.5,0
1406521200,157.7,0
1406521800,159.5,0
1406522400,154.3,0
1406523000,158.6,0
1406523600,161.2,0
1406524200,154.8,0
1406524800,154.5,0
1406525400,155.7,0
1406526000,154.3,0
1406526600,605.4,1
1406527200,877.1,1
1406527800,1444.3,1
1406528400,270.3,0
1406529000,266.3,0
1406529600,261.9,0
1406530200,260.3,0
1406530800,1525.4,1
1406531400,611.9,1
1406532000,155.3,0
1406532600,155.8,0
1406533200,150.1,0
1406533800,136.1,0
1406534400,134,0
1406535000,144.7,0
1406535600,159.6,0
1406536200,421.5,1
1406536800,162.5,0
1406537400,166.5,0
1406538000,338.3,0
1406538600,1805.4,1
1406539200,793.3,1
1406539800,358.9,0
1406540400,276.1,0
1406541000,272.3,0
1406541600,267.8,0
1406542200,920.3,0
1406542800,1736.4,1
1406543400,1334.5,1
1406544000,168.9,0
1406544600,171.5,0
1406545200,173.9,0
1406545800,157.1,0
1406546400,150.7,0
1406547000,1529.2,1
1406547600,1130.5,1
1406548200,196.6,0
1406548800,169.3,0
1406549400,235.8,0
1406550000,820.8,0
1406550600,1806.4,1
1406551200,2582.3,1
1406551800,2030.7,0
1406552400,178.1,0
1406553000,164.8,0
1406553600,160.8,0
1406554200,148,0
1406554800,145.6,0
1406555400,1424.3,1
1406556000,1747.5,0
1406556600,1794.7,0
1406557200,278.4,0
1406557800,189,0
1406558400,179.8,0
1406559000,1222.1,1
1406559600,1783.9,1
1406560200,1878.8,0
1406560800,767.3,0
1406561400,285.1,0
1406562000,354.8,0
1406562600,1818,1
1406563200,1966.5,0
1406563800,2077,0
1406564400,1970.3,0
1406565000,609.7,0
1406565600,254,0
1406566200,228,0
1406566800,836.3,1
1406567400,1903.2,0
1406568000,1929.9,0
1406568600,1731.7,0
1406569200,361.1,0
1406569800,304.1,0
1406570400,306.9,0
1406571000,1964.7,1
1406571600,4339.2,1
1406572200,1883.8,1
1406572800,3207.3,1
1406573400,556.6,0
1406574000,251.7,0
1406574600,487.6,0
1406575200,1802.8,0
1406575800,1714.3,1
1406576400,1454.8,1
1406577000,171.3,0
1406577600,192.5,0
1406578200,246,0
1406578800,176.4,0
1406579400,911,0
1406580000,1651.2,1
1406580600,2250.7,1
1406581200,229.6,0
1406581800,255.9,0
1406582400,217.1,0
1406583000,226.8,0
1406583600,1194.6,1
1406584200,1608.7,1
1406584800,564.8,0
1406585400,272.2,0
1406586000,269.2,0
1406586600,637,1
1406587200,1652,1
1406587800,1281.3,0
1406588400,235.9,0
1406589000,173.5,0
1406589600,174.2,0
1406590200,174.1,0
1406590800,165.2,0
1406591400,1329,1
1406592000,1518.5,1
1406592600,235.3,0
1406593200,243.9,0
1406593800,218.2,0
1406594400,179.9,0
1406595000,158.2,0
1406595600,157.8,0
1406596200,155.2,0
1406596800,983.6,1
1406597400,852.4,0
1406598000,153,0
1406598600,181.8,0
1406599200,280.6,0
1406599800,1516.8,1
1406600400,1022.1,1
1406601000,1591.4,1
1406601600,332.4,0
1406602200,235.6,0
1406602800,170.7,0
1406603400,153.4,0
1406604000,155.4,0
1406604600,157.1,0
1406605200,153,0
1406605800,154,0
1406606400,156.3,0
1406607000,153.1,0
1406607600,153,0
1406608200,156.1,0
1406608800,152.8,0
1406609400,155,0
1406610000,156,0
1406610600,152.9,0
1406611200,152.6,0
1406611800,154,0
1406612400,152.4,0
1406613000,184.2,0
1406613600,1212.4,1
1406614200,852.5,1
1406614800,258.3,0
1406615400,258.5,0
1406616000,224.1,0
1406616600,153.4,0
1406617200,153.6,0
1406617800,152.2,0
1406618400,152.7,0
1406619000,604,1
1406619600,1024.9,1
1406620200,226.5,0
1406620800,155.5,0
1406621400,153.4,0
1406622000,152.1,0
1406622600,153.3,0
1406623200,152.2,0
1406623800,153,0
1406624400,1047.9,1
1406625000,2201.3,1
1406625600,162.2,0
1406626200,153.3,0
1406626800,192.5,0
1406627400,294.9,0
1406628000,1067.9,1
1406628600,2478.5,1
1406629200,834.2,1
1406629800,317.7,0
1406630400,330,0
1406631000,318.3,0
1406631600,1435.9,1
1406632200,1711.9,1
1406632800,1356.7,1
1406633400,1153.7,1
1406634000,236.8,0
1406634600,284.3,0
1406635200,239,0
1406635800,1398.9,1
1406636400,1715.6,1
1406637000,1080,1
1406637600,275.9,0
1406638200,493,0
1406638800,1791.8,0
1406639400,1726.1,1
1406640000,764.4,0
1406640600,146.3,0
1406641200,145.1,0
1406641800,512.8,0
1406642400,1724,0
1406643000,1140.8,0
1406643600,181.1,0
1406644200,1779.6,1
1406644800,1787.5,1
1406645400,1816.4,1
1406646000,1818.5,0
1406646600,780.3,0
1406647200,166.8,0
1406647800,169,0
1406648400,1604.2,1
1406649000,1800.4,0
1406649600,1912.5,0
1406650200,1986.4,0
1406650800,602.8,0
1406651400,469.5,0
1406652000,1749.5,1
1406652600,1847,1
1406653200,1940.7,1
1406653800,1855.5,0
1406654400,512.8,0
1406655000,288.4,0
1406655600,243,0
1406656200,1458.1,1
1406656800,1721.6,1
1406657400,1714.2,0
1406658000,483.8,0
1406658600,236.1,0
1406659200,1899,1
1406659800,1643.7,1
1406660400,913.9,1
1406661000,223.5,0
1406661600,166.7,0
1406662200,342.6,0
1406662800,1564.6,1
1406663400,1031.9,1
1406664000,301.5,0
1406664600,312.1,0
1406665200,313.1,0
1406665800,1196.9,0
1406666400,1809.9,1
1406667000,1694.2,1
1406667600,466.4,0
1406668200,437.6,0
1406668800,335.4,0
1406669400,422.5,0
1406670000,1586.1,1
1406670600,880.9,0
1406671200,197.3,0
1406671800,194.3,0
1406672400,184.4,0
1406673000,176.4,0
1406673600,173.3,0
1406674200,1462.6,0
1406674800,1826.1,1
1406675400,190.7,0
1406676000,164.3,0
1406676600,176.2,0
1406677200,551.7,0
1406677800,1525.9,1
1406678400,460.2,0
1406679000,206.9,0
1406679600,294.8,0
1406680200,281.7,0
1406680800,298.8,0
1406681400,282.7,0
1406682000,743,1
1406682600,1572.3,1
1406683200,308,0
1406683800,155.3,0
1406684400,154,0
1406685000,154.1,0
1406685600,176.2,0
1406686200,181,0
1406686800,185.7,0
1406687400,177.4,0
1406688000,174.1,0
1406688600,174.3,0
1406689200,978.3,1
1406689800,773.4,1
1406690400,194.1,0
1406691000,155.4,0
1406691600,177.5,0
1406692200,181.7,0
1406692800,177.1,0
1406693400,242.3,0
1406694000,291.3,0
1406694600,344.9,0
1406695200,285.7,0
1406695800,282.6,0
1406696400,1034.9,1
1406697000,1231.1,1
1406697600,189.7,0
1406698200,158.5,0
1406698800,153.8,0
1406699400,153.9,0
1406700000,158.6,0
1406700600,157.5,0
1406701200,1419.9,1
1406701800,155.2,0
1406702400,153.9,0
1406703000,153.9,0
1406703600,155.1,0
1406704200,153.9,0
1406704800,155.5,0
1406705400,155.2,0
1406706000,155.2,0
1406706600,155.7,0
1406707200,157.2,0
1406707800,269,0
1406708400,324.6,0
1406709000,943.1,1
1406709600,1218.2,1
1406710200,286.2,0
1406710800,257.4,0
1406711400,401.7,0
1406712000,1796.8,1
1406712600,520.3,0
1406713200,135.8,0
1406713800,172.2,0
1406714400,425.6,0
1406715000,159.4,0
1406715600,181.3,0
1406716200,170.1,0
1406716800,782.2,1
1406717400,1674.1,1
1406718000,1236.6,1
1406718600,271.7,0
1406719200,1579.2,1
1406719800,332,0
1406720400,1037.8,0
1406721000,1766.6,1
1406721600,1767.9,1
1406722200,1525.4,1
1406722800,258.6,0
1406723400,183.8,0
1406724000,171.2,0
1406724600,336.1,0
1406725200,158.4,0
1406725800,1308.9,0
1406726400,1653.1,0
1406727000,276.6,0
1406727600,179.6,0
1406728200,157.3,0
1406728800,1319.7,0
1406729400,1750.2,0
1406730000,1760.1,1
1406730600,701,1
1406731200,201.2,0
1406731800,201.3,0
1406732400,270,0
1406733000,311,0
1406733600,1903,0
1406734200,1871.5,0
1406734800,1875.3,0
1406735400,1845.2,0
1406736000,359,0
1406736600,838,0
1406737200,842.8,0
1406737800,828.8,0
1406738400,1783.8,1
1406739000,1784.5,1
1406739600,1763.3,1
1406740200,386,0
1406740800,279.2,0
1406741400,360,0
1406742000,523.3,0
1406742600,1973.2,1
1406743200,1962.5,1
1406743800,1898.2,0
1406744400,1781.3,1
